Bundler 4.0.16 is running, but your lockfile was generated with 4.0.15. Installing Bundler 4.0.15 and restarting using that version.
Fetching gem metadata from https://rubygems.org/.
Fetching bundler 4.0.15

Retrying download gem from https://rubygems.org/ due to error (2/4): Bundler::PermissionError There was an error while trying to write to `/var/lib/gems/3.2.0/cache/bundler-4.0.15.gem`. It is likely that you need to grant write permissions for that path.

Retrying download gem from https://rubygems.org/ due to error (3/4): Bundler::PermissionError There was an error while trying to write to `/var/lib/gems/3.2.0/cache/bundler-4.0.15.gem`. It is likely that you need to grant write permissions for that path.

Retrying download gem from https://rubygems.org/ due to error (4/4): Bundler::PermissionError There was an error while trying to write to `/var/lib/gems/3.2.0/cache/bundler-4.0.15.gem`. It is likely that you need to grant write permissions for that path.

There was an error installing the locked bundler version (4.0.15), rerun with the `--verbose` flag for more details. Going on using bundler 4.0.16.
Fetching gem metadata from https://rubygems.org/.........
Fetching bigdecimal 4.1.2
Fetching connection_pool 3.0.2
Fetching drb 2.2.3
Fetching json 2.20.0
Fetching logger 1.7.0
Fetching prism 1.9.0
Fetching minitest 6.0.6
Fetching tzinfo 2.0.6
Fetching activesupport 8.1.3
Fetching public_suffix 5.1.1
Fetching securerandom 0.4.1
Fetching uri 1.1.1

Retrying download gem from https://rubygems.org/ due to error (2/4): Bundler::PermissionError There was an error while trying to write to `/var/lib/gems/3.2.0/cache/bigdecimal-4.1.2.gem`. It is likely that you need to grant write permissions for that path.

Retrying download gem from https://rubygems.org/ due to error (2/4): Bundler::PermissionError There was an error while trying to write to `/var/lib/gems/3.2.0/cache/securerandom-0.4.1.gem`. It is likely that you need to grant write permissions for that path.

Retrying download gem from https://rubygems.org/ due to error (2/4): Bundler::PermissionError There was an error while trying to write to `/var/lib/gems/3.2.0/cache/connection_pool-3.0.2.gem`. It is likely that you need to grant write permissions for that path.

Retrying download gem from https://rubygems.org/ due to error (2/4): Bundler::PermissionError There was an error while trying to write to `/var/lib/gems/3.2.0/cache/drb-2.2.3.gem`. It is likely that you need to grant write permissions for that path.

Retrying download gem from https://rubygems.org/ due to error (2/4): Bundler::PermissionError There was an error while trying to write to `/var/lib/gems/3.2.0/cache/uri-1.1.1.gem`. It is likely that you need to grant write permissions for that path.

Retrying download gem from https://rubygems.org/ due to error (2/4): Bundler::PermissionError There was an error while trying to write to `/var/lib/gems/3.2.0/cache/prism-1.9.0.gem`. It is likely that you need to grant write permissions for that path.

Retrying download gem from https://rubygems.org/ due to error (2/4): Bundler::PermissionError There was an error while trying to write to `/var/lib/gems/3.2.0/cache/activesupport-8.1.3.gem`. It is likely that you need to grant write permissions for that path.

Retrying download gem from https://rubygems.org/ due to error (2/4): Bundler::PermissionError There was an error while trying to write to `/var/lib/gems/3.2.0/cache/logger-1.7.0.gem`. It is likely that you need to grant write permissions for that path.

Retrying download gem from https://rubygems.org/ due to error (2/4): Bundler::PermissionError There was an error while trying to write to `/var/lib/gems/3.2.0/cache/json-2.20.0.gem`. It is likely that you need to grant write permissions for that path.

Retrying download gem from https://rubygems.org/ due to error (2/4): Bundler::PermissionError There was an error while trying to write to `/var/lib/gems/3.2.0/cache/public_suffix-5.1.1.gem`. It is likely that you need to grant write permissions for that path.

Retrying download gem from https://rubygems.org/ due to error (2/4): Bundler::PermissionError There was an error while trying to write to `/var/lib/gems/3.2.0/cache/tzinfo-2.0.6.gem`. It is likely that you need to grant write permissions for that path.

Retrying download gem from https://rubygems.org/ due to error (2/4): Bundler::PermissionError There was an error while trying to write to `/var/lib/gems/3.2.0/cache/minitest-6.0.6.gem`. It is likely that you need to grant write permissions for that path.

Retrying download gem from https://rubygems.org/ due to error (3/4): Bundler::PermissionError There was an error while trying to write to `/var/lib/gems/3.2.0/cache/bigdecimal-4.1.2.gem`. It is likely that you need to grant write permissions for that path.

Retrying download gem from https://rubygems.org/ due to error (3/4): Bundler::PermissionError There was an error while trying to write to `/var/lib/gems/3.2.0/cache/connection_pool-3.0.2.gem`. It is likely that you need to grant write permissions for that path.

Retrying download gem from https://rubygems.org/ due to error (3/4): Bundler::PermissionError There was an error while trying to write to `/var/lib/gems/3.2.0/cache/securerandom-0.4.1.gem`. It is likely that you need to grant write permissions for that path.

Retrying download gem from https://rubygems.org/ due to error (3/4): Bundler::PermissionError There was an error while trying to write to `/var/lib/gems/3.2.0/cache/uri-1.1.1.gem`. It is likely that you need to grant write permissions for that path.

Retrying download gem from https://rubygems.org/ due to error (3/4): Bundler::PermissionError There was an error while trying to write to `/var/lib/gems/3.2.0/cache/drb-2.2.3.gem`. It is likely that you need to grant write permissions for that path.

Retrying download gem from https://rubygems.org/ due to error (3/4): Bundler::PermissionError There was an error while trying to write to `/var/lib/gems/3.2.0/cache/prism-1.9.0.gem`. It is likely that you need to grant write permissions for that path.

Retrying download gem from https://rubygems.org/ due to error (3/4): Bundler::PermissionError There was an error while trying to write to `/var/lib/gems/3.2.0/cache/activesupport-8.1.3.gem`. It is likely that you need to grant write permissions for that path.

Retrying download gem from https://rubygems.org/ due to error (3/4): Bundler::PermissionError There was an error while trying to write to `/var/lib/gems/3.2.0/cache/tzinfo-2.0.6.gem`. It is likely that you need to grant write permissions for that path.

Retrying download gem from https://rubygems.org/ due to error (3/4): Bundler::PermissionError There was an error while trying to write to `/var/lib/gems/3.2.0/cache/logger-1.7.0.gem`. It is likely that you need to grant write permissions for that path.

Retrying download gem from https://rubygems.org/ due to error (3/4): Bundler::PermissionError There was an error while trying to write to `/var/lib/gems/3.2.0/cache/public_suffix-5.1.1.gem`. It is likely that you need to grant write permissions for that path.

Retrying download gem from https://rubygems.org/ due to error (3/4): Bundler::PermissionError There was an error while trying to write to `/var/lib/gems/3.2.0/cache/json-2.20.0.gem`. It is likely that you need to grant write permissions for that path.

Retrying download gem from https://rubygems.org/ due to error (3/4): Bundler::PermissionError There was an error while trying to write to `/var/lib/gems/3.2.0/cache/minitest-6.0.6.gem`. It is likely that you need to grant write permissions for that path.

Retrying download gem from https://rubygems.org/ due to error (4/4): Bundler::PermissionError There was an error while trying to write to `/var/lib/gems/3.2.0/cache/bigdecimal-4.1.2.gem`. It is likely that you need to grant write permissions for that path.

Retrying download gem from https://rubygems.org/ due to error (4/4): Bundler::PermissionError There was an error while trying to write to `/var/lib/gems/3.2.0/cache/uri-1.1.1.gem`. It is likely that you need to grant write permissions for that path.

Retrying download gem from https://rubygems.org/ due to error (4/4): Bundler::PermissionError There was an error while trying to write to `/var/lib/gems/3.2.0/cache/connection_pool-3.0.2.gem`. It is likely that you need to grant write permissions for that path.

Retrying download gem from https://rubygems.org/ due to error (4/4): Bundler::PermissionError There was an error while trying to write to `/var/lib/gems/3.2.0/cache/securerandom-0.4.1.gem`. It is likely that you need to grant write permissions for that path.

Retrying download gem from https://rubygems.org/ due to error (4/4): Bundler::PermissionError There was an error while trying to write to `/var/lib/gems/3.2.0/cache/drb-2.2.3.gem`. It is likely that you need to grant write permissions for that path.

Retrying download gem from https://rubygems.org/ due to error (4/4): Bundler::PermissionError There was an error while trying to write to `/var/lib/gems/3.2.0/cache/prism-1.9.0.gem`. It is likely that you need to grant write permissions for that path.

Retrying download gem from https://rubygems.org/ due to error (4/4): Bundler::PermissionError There was an error while trying to write to `/var/lib/gems/3.2.0/cache/tzinfo-2.0.6.gem`. It is likely that you need to grant write permissions for that path.

Retrying download gem from https://rubygems.org/ due to error (4/4): Bundler::PermissionError There was an error while trying to write to `/var/lib/gems/3.2.0/cache/public_suffix-5.1.1.gem`. It is likely that you need to grant write permissions for that path.

Retrying download gem from https://rubygems.org/ due to error (4/4): Bundler::PermissionError There was an error while trying to write to `/var/lib/gems/3.2.0/cache/logger-1.7.0.gem`. It is likely that you need to grant write permissions for that path.

Retrying download gem from https://rubygems.org/ due to error (4/4): Bundler::PermissionError There was an error while trying to write to `/var/lib/gems/3.2.0/cache/json-2.20.0.gem`. It is likely that you need to grant write permissions for that path.

Retrying download gem from https://rubygems.org/ due to error (4/4): Bundler::PermissionError There was an error while trying to write to `/var/lib/gems/3.2.0/cache/activesupport-8.1.3.gem`. It is likely that you need to grant write permissions for that path.

Retrying download gem from https://rubygems.org/ due to error (4/4): Bundler::PermissionError There was an error while trying to write to `/var/lib/gems/3.2.0/cache/minitest-6.0.6.gem`. It is likely that you need to grant write permissions for that path.

Fetching coffee-script-source 1.12.2

Fetching execjs 2.10.1

Fetching coffee-script 2.4.1

Fetching commonmarker 0.23.12

Retrying download gem from https://rubygems.org/ due to error (2/4): Bundler::PermissionError There was an error while trying to write to `/var/lib/gems/3.2.0/cache/coffee-script-source-1.12.2.gem`. It is likely that you need to grant write permissions for that path.

Retrying download gem from https://rubygems.org/ due to error (2/4): Bundler::PermissionError There was an error while trying to write to `/var/lib/gems/3.2.0/cache/execjs-2.10.1.gem`. It is likely that you need to grant write permissions for that path.

Retrying download gem from https://rubygems.org/ due to error (2/4): Bundler::PermissionError There was an error while trying to write to `/var/lib/gems/3.2.0/cache/coffee-script-2.4.1.gem`. It is likely that you need to grant write permissions for that path.

Retrying download gem from https://rubygems.org/ due to error (2/4): Bundler::PermissionError There was an error while trying to write to `/var/lib/gems/3.2.0/cache/commonmarker-0.23.12.gem`. It is likely that you need to grant write permissions for that path.

Fetching csv 3.3.5

Fetching simpleidn 0.2.3

Fetching dnsruby 1.73.1

Retrying download gem from https://rubygems.org/ due to error (2/4): Bundler::PermissionError There was an error while trying to write to `/var/lib/gems/3.2.0/cache/csv-3.3.5.gem`. It is likely that you need to grant write permissions for that path.

Fetching ethon 0.18.0

Fetching net-http 0.9.1

Fetching faraday-net_http 3.4.4

Retrying download gem from https://rubygems.org/ due to error (2/4): Bundler::PermissionError There was an error while trying to write to `/var/lib/gems/3.2.0/cache/simpleidn-0.2.3.gem`. It is likely that you need to grant write permissions for that path.

Retrying download gem from https://rubygems.org/ due to error (2/4): Bundler::PermissionError There was an error while trying to write to `/var/lib/gems/3.2.0/cache/dnsruby-1.73.1.gem`. It is likely that you need to grant write permissions for that path.

Retrying download gem from https://rubygems.org/ due to error (2/4): Bundler::PermissionError There was an error while trying to write to `/var/lib/gems/3.2.0/cache/ethon-0.18.0.gem`. It is likely that you need to grant write permissions for that path.

Fetching faraday 2.14.3

Retrying download gem from https://rubygems.org/ due to error (2/4): Bundler::PermissionError There was an error while trying to write to `/var/lib/gems/3.2.0/cache/net-http-0.9.1.gem`. It is likely that you need to grant write permissions for that path.

Retrying download gem from https://rubygems.org/ due to error (2/4): Bundler::PermissionError There was an error while trying to write to `/var/lib/gems/3.2.0/cache/faraday-net_http-3.4.4.gem`. It is likely that you need to grant write permissions for that path.

Fetching gemoji 4.1.0

Retrying download gem from https://rubygems.org/ due to error (3/4): Bundler::PermissionError There was an error while trying to write to `/var/lib/gems/3.2.0/cache/coffee-script-2.4.1.gem`. It is likely that you need to grant write permissions for that path.

Retrying download gem from https://rubygems.org/ due to error (3/4): Bundler::PermissionError There was an error while trying to write to `/var/lib/gems/3.2.0/cache/execjs-2.10.1.gem`. It is likely that you need to grant write permissions for that path.

Retrying download gem from https://rubygems.org/ due to error (3/4): Bundler::PermissionError There was an error while trying to write to `/var/lib/gems/3.2.0/cache/coffee-script-source-1.12.2.gem`. It is likely that you need to grant write permissions for that path.

Retrying download gem from https://rubygems.org/ due to error (2/4): Bundler::PermissionError There was an error while trying to write to `/var/lib/gems/3.2.0/cache/faraday-2.14.3.gem`. It is likely that you need to grant write permissions for that path.

Retrying download gem from https://rubygems.org/ due to error (3/4): Bundler::PermissionError There was an error while trying to write to `/var/lib/gems/3.2.0/cache/commonmarker-0.23.12.gem`. It is likely that you need to grant write permissions for that path.

Retrying download gem from https://rubygems.org/ due to error (2/4): Bundler::PermissionError There was an error while trying to write to `/var/lib/gems/3.2.0/cache/gemoji-4.1.0.gem`. It is likely that you need to grant write permissions for that path.

Retrying download gem from https://rubygems.org/ due to error (3/4): Bundler::PermissionError There was an error while trying to write to `/var/lib/gems/3.2.0/cache/csv-3.3.5.gem`. It is likely that you need to grant write permissions for that path.

Retrying download gem from https://rubygems.org/ due to error (3/4): Bundler::PermissionError There was an error while trying to write to `/var/lib/gems/3.2.0/cache/simpleidn-0.2.3.gem`. It is likely that you need to grant write permissions for that path.

Retrying download gem from https://rubygems.org/ due to error (3/4): Bundler::PermissionError There was an error while trying to write to `/var/lib/gems/3.2.0/cache/faraday-net_http-3.4.4.gem`. It is likely that you need to grant write permissions for that path.

Retrying download gem from https://rubygems.org/ due to error (3/4): Bundler::PermissionError There was an error while trying to write to `/var/lib/gems/3.2.0/cache/dnsruby-1.73.1.gem`. It is likely that you need to grant write permissions for that path.

Retrying download gem from https://rubygems.org/ due to error (3/4): Bundler::PermissionError There was an error while trying to write to `/var/lib/gems/3.2.0/cache/ethon-0.18.0.gem`. It is likely that you need to grant write permissions for that path.

Retrying download gem from https://rubygems.org/ due to error (3/4): Bundler::PermissionError There was an error while trying to write to `/var/lib/gems/3.2.0/cache/net-http-0.9.1.gem`. It is likely that you need to grant write permissions for that path.

Retrying download gem from https://rubygems.org/ due to error (3/4): Bundler::PermissionError There was an error while trying to write to `/var/lib/gems/3.2.0/cache/faraday-2.14.3.gem`. It is likely that you need to grant write permissions for that path.

Retrying download gem from https://rubygems.org/ due to error (3/4): Bundler::PermissionError There was an error while trying to write to `/var/lib/gems/3.2.0/cache/gemoji-4.1.0.gem`. It is likely that you need to grant write permissions for that path.

Retrying download gem from https://rubygems.org/ due to error (4/4): Bundler::PermissionError There was an error while trying to write to `/var/lib/gems/3.2.0/cache/commonmarker-0.23.12.gem`. It is likely that you need to grant write permissions for that path.

Retrying download gem from https://rubygems.org/ due to error (4/4): Bundler::PermissionError There was an error while trying to write to `/var/lib/gems/3.2.0/cache/coffee-script-2.4.1.gem`. It is likely that you need to grant write permissions for that path.

Retrying download gem from https://rubygems.org/ due to error (4/4): Bundler::PermissionError There was an error while trying to write to `/var/lib/gems/3.2.0/cache/execjs-2.10.1.gem`. It is likely that you need to grant write permissions for that path.

Retrying download gem from https://rubygems.org/ due to error (4/4): Bundler::PermissionError There was an error while trying to write to `/var/lib/gems/3.2.0/cache/coffee-script-source-1.12.2.gem`. It is likely that you need to grant write permissions for that path.

Retrying download gem from https://rubygems.org/ due to error (4/4): Bundler::PermissionError There was an error while trying to write to `/var/lib/gems/3.2.0/cache/csv-3.3.5.gem`. It is likely that you need to grant write permissions for that path.

Retrying download gem from https://rubygems.org/ due to error (4/4): Bundler::PermissionError There was an error while trying to write to `/var/lib/gems/3.2.0/cache/simpleidn-0.2.3.gem`. It is likely that you need to grant write permissions for that path.

Retrying download gem from https://rubygems.org/ due to error (4/4): Bundler::PermissionError There was an error while trying to write to `/var/lib/gems/3.2.0/cache/dnsruby-1.73.1.gem`. It is likely that you need to grant write permissions for that path.

Retrying download gem from https://rubygems.org/ due to error (4/4): Bundler::PermissionError There was an error while trying to write to `/var/lib/gems/3.2.0/cache/faraday-net_http-3.4.4.gem`. It is likely that you need to grant write permissions for that path.

Retrying download gem from https://rubygems.org/ due to error (4/4): Bundler::PermissionError There was an error while trying to write to `/var/lib/gems/3.2.0/cache/ethon-0.18.0.gem`. It is likely that you need to grant write permissions for that path.

Retrying download gem from https://rubygems.org/ due to error (4/4): Bundler::PermissionError There was an error while trying to write to `/var/lib/gems/3.2.0/cache/faraday-2.14.3.gem`. It is likely that you need to grant write permissions for that path.

Retrying download gem from https://rubygems.org/ due to error (4/4): Bundler::PermissionError There was an error while trying to write to `/var/lib/gems/3.2.0/cache/net-http-0.9.1.gem`. It is likely that you need to grant write permissions for that path.

Retrying download gem from https://rubygems.org/ due to error (4/4): Bundler::PermissionError There was an error while trying to write to `/var/lib/gems/3.2.0/cache/gemoji-4.1.0.gem`. It is likely that you need to grant write permissions for that path.

Fetching sawyer 0.9.3

Fetching octokit 4.25.1

Fetching typhoeus 1.6.0

Fetching github-pages-health-check 1.18.2

Fetching sass-listen 4.0.0

Fetching sass 3.7.4

Fetching jekyll-sass-converter 1.5.2

Fetching kramdown 2.4.0

Retrying download gem from https://rubygems.org/ due to error (2/4): Bundler::PermissionError There was an error while trying to write to `/var/lib/gems/3.2.0/cache/sawyer-0.9.3.gem`. It is likely that you need to grant write permissions for that path.

Fetching mercenary 0.3.6

Fetching rouge 3.30.0

Retrying download gem from https://rubygems.org/ due to error (2/4): Bundler::PermissionError There was an error while trying to write to `/var/lib/gems/3.2.0/cache/octokit-4.25.1.gem`. It is likely that you need to grant write permissions for that path.

Fetching webrick 1.9.2

Retrying download gem from https://rubygems.org/ due to error (2/4): Bundler::PermissionError There was an error while trying to write to `/var/lib/gems/3.2.0/cache/typhoeus-1.6.0.gem`. It is likely that you need to grant write permissions for that path.

Retrying download gem from https://rubygems.org/ due to error (2/4): Bundler::PermissionError There was an error while trying to write to `/var/lib/gems/3.2.0/cache/github-pages-health-check-1.18.2.gem`. It is likely that you need to grant write permissions for that path.

Retrying download gem from https://rubygems.org/ due to error (2/4): Bundler::PermissionError There was an error while trying to write to `/var/lib/gems/3.2.0/cache/sass-listen-4.0.0.gem`. It is likely that you need to grant write permissions for that path.

Retrying download gem from https://rubygems.org/ due to error (2/4): Bundler::PermissionError There was an error while trying to write to `/var/lib/gems/3.2.0/cache/sass-3.7.4.gem`. It is likely that you need to grant write permissions for that path.

Retrying download gem from https://rubygems.org/ due to error (2/4): Bundler::PermissionError There was an error while trying to write to `/var/lib/gems/3.2.0/cache/jekyll-sass-converter-1.5.2.gem`. It is likely that you need to grant write permissions for that path.

Retrying download gem from https://rubygems.org/ due to error (2/4): Bundler::PermissionError There was an error while trying to write to `/var/lib/gems/3.2.0/cache/kramdown-2.4.0.gem`. It is likely that you need to grant write permissions for that path.

Fetching jekyll 3.10.0

Retrying download gem from https://rubygems.org/ due to error (2/4): Bundler::PermissionError There was an error while trying to write to `/var/lib/gems/3.2.0/cache/mercenary-0.3.6.gem`. It is likely that you need to grant write permissions for that path.

Retrying download gem from https://rubygems.org/ due to error (2/4): Bundler::PermissionError There was an error while trying to write to `/var/lib/gems/3.2.0/cache/rouge-3.30.0.gem`. It is likely that you need to grant write permissions for that path.

Retrying download gem from https://rubygems.org/ due to error (2/4): Bundler::PermissionError There was an error while trying to write to `/var/lib/gems/3.2.0/cache/webrick-1.9.2.gem`. It is likely that you need to grant write permissions for that path.

Retrying download gem from https://rubygems.org/ due to error (2/4): Bundler::PermissionError There was an error while trying to write to `/var/lib/gems/3.2.0/cache/jekyll-3.10.0.gem`. It is likely that you need to grant write permissions for that path.

Retrying download gem from https://rubygems.org/ due to error (3/4): Bundler::PermissionError There was an error while trying to write to `/var/lib/gems/3.2.0/cache/sawyer-0.9.3.gem`. It is likely that you need to grant write permissions for that path.

Retrying download gem from https://rubygems.org/ due to error (3/4): Bundler::PermissionError There was an error while trying to write to `/var/lib/gems/3.2.0/cache/typhoeus-1.6.0.gem`. It is likely that you need to grant write permissions for that path.

Retrying download gem from https://rubygems.org/ due to error (3/4): Bundler::PermissionError There was an error while trying to write to `/var/lib/gems/3.2.0/cache/sass-listen-4.0.0.gem`. It is likely that you need to grant write permissions for that path.

Retrying download gem from https://rubygems.org/ due to error (3/4): Bundler::PermissionError There was an error while trying to write to `/var/lib/gems/3.2.0/cache/octokit-4.25.1.gem`. It is likely that you need to grant write permissions for that path.

Retrying download gem from https://rubygems.org/ due to error (3/4): Bundler::PermissionError There was an error while trying to write to `/var/lib/gems/3.2.0/cache/kramdown-2.4.0.gem`. It is likely that you need to grant write permissions for that path.

Retrying download gem from https://rubygems.org/ due to error (3/4): Bundler::PermissionError There was an error while trying to write to `/var/lib/gems/3.2.0/cache/github-pages-health-check-1.18.2.gem`. It is likely that you need to grant write permissions for that path.

Retrying download gem from https://rubygems.org/ due to error (3/4): Bundler::PermissionError There was an error while trying to write to `/var/lib/gems/3.2.0/cache/jekyll-sass-converter-1.5.2.gem`. It is likely that you need to grant write permissions for that path.

Retrying download gem from https://rubygems.org/ due to error (3/4): Bundler::PermissionError There was an error while trying to write to `/var/lib/gems/3.2.0/cache/sass-3.7.4.gem`. It is likely that you need to grant write permissions for that path.

Retrying download gem from https://rubygems.org/ due to error (3/4): Bundler::PermissionError There was an error while trying to write to `/var/lib/gems/3.2.0/cache/mercenary-0.3.6.gem`. It is likely that you need to grant write permissions for that path.

Retrying download gem from https://rubygems.org/ due to error (3/4): Bundler::PermissionError There was an error while trying to write to `/var/lib/gems/3.2.0/cache/jekyll-3.10.0.gem`. It is likely that you need to grant write permissions for that path.

Retrying download gem from https://rubygems.org/ due to error (3/4): Bundler::PermissionError There was an error while trying to write to `/var/lib/gems/3.2.0/cache/webrick-1.9.2.gem`. It is likely that you need to grant write permissions for that path.

Retrying download gem from https://rubygems.org/ due to error (3/4): Bundler::PermissionError There was an error while trying to write to `/var/lib/gems/3.2.0/cache/rouge-3.30.0.gem`. It is likely that you need to grant write permissions for that path.

Retrying download gem from https://rubygems.org/ due to error (4/4): Bundler::PermissionError There was an error while trying to write to `/var/lib/gems/3.2.0/cache/sawyer-0.9.3.gem`. It is likely that you need to grant write permissions for that path.

Retrying download gem from https://rubygems.org/ due to error (4/4): Bundler::PermissionError There was an error while trying to write to `/var/lib/gems/3.2.0/cache/sass-listen-4.0.0.gem`. It is likely that you need to grant write permissions for that path.

Retrying download gem from https://rubygems.org/ due to error (4/4): Bundler::PermissionError There was an error while trying to write to `/var/lib/gems/3.2.0/cache/typhoeus-1.6.0.gem`. It is likely that you need to grant write permissions for that path.

Retrying download gem from https://rubygems.org/ due to error (4/4): Bundler::PermissionError There was an error while trying to write to `/var/lib/gems/3.2.0/cache/octokit-4.25.1.gem`. It is likely that you need to grant write permissions for that path.

Retrying download gem from https://rubygems.org/ due to error (4/4): Bundler::PermissionError There was an error while trying to write to `/var/lib/gems/3.2.0/cache/kramdown-2.4.0.gem`. It is likely that you need to grant write permissions for that path.

Retrying download gem from https://rubygems.org/ due to error (4/4): Bundler::PermissionError There was an error while trying to write to `/var/lib/gems/3.2.0/cache/sass-3.7.4.gem`. It is likely that you need to grant write permissions for that path.

Retrying download gem from https://rubygems.org/ due to error (4/4): Bundler::PermissionError There was an error while trying to write to `/var/lib/gems/3.2.0/cache/jekyll-sass-converter-1.5.2.gem`. It is likely that you need to grant write permissions for that path.

Retrying download gem from https://rubygems.org/ due to error (4/4): Bundler::PermissionError There was an error while trying to write to `/var/lib/gems/3.2.0/cache/github-pages-health-check-1.18.2.gem`. It is likely that you need to grant write permissions for that path.

Retrying download gem from https://rubygems.org/ due to error (4/4): Bundler::PermissionError There was an error while trying to write to `/var/lib/gems/3.2.0/cache/webrick-1.9.2.gem`. It is likely that you need to grant write permissions for that path.

Retrying download gem from https://rubygems.org/ due to error (4/4): Bundler::PermissionError There was an error while trying to write to `/var/lib/gems/3.2.0/cache/mercenary-0.3.6.gem`. It is likely that you need to grant write permissions for that path.

Retrying download gem from https://rubygems.org/ due to error (4/4): Bundler::PermissionError There was an error while trying to write to `/var/lib/gems/3.2.0/cache/jekyll-3.10.0.gem`. It is likely that you need to grant write permissions for that path.

Retrying download gem from https://rubygems.org/ due to error (4/4): Bundler::PermissionError There was an error while trying to write to `/var/lib/gems/3.2.0/cache/rouge-3.30.0.gem`. It is likely that you need to grant write permissions for that path.

Fetching jekyll-avatar 0.8.0

Fetching jekyll-coffeescript 1.2.2

Retrying download gem from https://rubygems.org/ due to error (2/4): Bundler::PermissionError There was an error while trying to write to `/var/lib/gems/3.2.0/cache/jekyll-avatar-0.8.0.gem`. It is likely that you need to grant write permissions for that path.

Retrying download gem from https://rubygems.org/ due to error (2/4): Bundler::PermissionError There was an error while trying to write to `/var/lib/gems/3.2.0/cache/jekyll-coffeescript-1.2.2.gem`. It is likely that you need to grant write permissions for that path.

Fetching jekyll-commonmark 1.4.0

Retrying download gem from https://rubygems.org/ due to error (2/4): Bundler::PermissionError There was an error while trying to write to `/var/lib/gems/3.2.0/cache/jekyll-commonmark-1.4.0.gem`. It is likely that you need to grant write permissions for that path.

Fetching jekyll-commonmark-ghpages 0.5.1

Fetching jekyll-default-layout 0.1.5

Retrying download gem from https://rubygems.org/ due to error (2/4): Bundler::PermissionError There was an error while trying to write to `/var/lib/gems/3.2.0/cache/jekyll-commonmark-ghpages-0.5.1.gem`. It is likely that you need to grant write permissions for that path.

Fetching jekyll-feed 0.17.0

Retrying download gem from https://rubygems.org/ due to error (2/4): Bundler::PermissionError There was an error while trying to write to `/var/lib/gems/3.2.0/cache/jekyll-default-layout-0.1.5.gem`. It is likely that you need to grant write permissions for that path.

Fetching jekyll-gist 1.5.0

Fetching jekyll-github-metadata 2.16.1

Fetching jekyll-include-cache 0.2.1

Retrying download gem from https://rubygems.org/ due to error (2/4): Bundler::PermissionError There was an error while trying to write to `/var/lib/gems/3.2.0/cache/jekyll-feed-0.17.0.gem`. It is likely that you need to grant write permissions for that path.

Fetching racc 1.8.1

Fetching nokogiri 1.19.4 (x86_64-linux-gnu)

Retrying download gem from https://rubygems.org/ due to error (2/4): Bundler::PermissionError There was an error while trying to write to `/var/lib/gems/3.2.0/cache/jekyll-gist-1.5.0.gem`. It is likely that you need to grant write permissions for that path.

Fetching html-pipeline 2.14.3

Retrying download gem from https://rubygems.org/ due to error (2/4): Bundler::PermissionError There was an error while trying to write to `/var/lib/gems/3.2.0/cache/jekyll-github-metadata-2.16.1.gem`. It is likely that you need to grant write permissions for that path.

Retrying download gem from https://rubygems.org/ due to error (2/4): Bundler::PermissionError There was an error while trying to write to `/var/lib/gems/3.2.0/cache/jekyll-include-cache-0.2.1.gem`. It is likely that you need to grant write permissions for that path.

Retrying download gem from https://rubygems.org/ due to error (2/4): Bundler::PermissionError There was an error while trying to write to `/var/lib/gems/3.2.0/cache/racc-1.8.1.gem`. It is likely that you need to grant write permissions for that path.

Retrying download gem from https://rubygems.org/ due to error (3/4): Bundler::PermissionError There was an error while trying to write to `/var/lib/gems/3.2.0/cache/jekyll-coffeescript-1.2.2.gem`. It is likely that you need to grant write permissions for that path.

Retrying download gem from https://rubygems.org/ due to error (3/4): Bundler::PermissionError There was an error while trying to write to `/var/lib/gems/3.2.0/cache/jekyll-avatar-0.8.0.gem`. It is likely that you need to grant write permissions for that path.

Retrying download gem from https://rubygems.org/ due to error (3/4): Bundler::PermissionError There was an error while trying to write to `/var/lib/gems/3.2.0/cache/jekyll-commonmark-1.4.0.gem`. It is likely that you need to grant write permissions for that path.

Retrying download gem from https://rubygems.org/ due to error (2/4): Bundler::PermissionError There was an error while trying to write to `/var/lib/gems/3.2.0/cache/nokogiri-1.19.4-x86_64-linux-gnu.gem`. It is likely that you need to grant write permissions for that path.

Retrying download gem from https://rubygems.org/ due to error (2/4): Bundler::PermissionError There was an error while trying to write to `/var/lib/gems/3.2.0/cache/html-pipeline-2.14.3.gem`. It is likely that you need to grant write permissions for that path.

Retrying download gem from https://rubygems.org/ due to error (3/4): Bundler::PermissionError There was an error while trying to write to `/var/lib/gems/3.2.0/cache/jekyll-commonmark-ghpages-0.5.1.gem`. It is likely that you need to grant write permissions for that path.

Retrying download gem from https://rubygems.org/ due to error (3/4): Bundler::PermissionError There was an error while trying to write to `/var/lib/gems/3.2.0/cache/jekyll-default-layout-0.1.5.gem`. It is likely that you need to grant write permissions for that path.

Retrying download gem from https://rubygems.org/ due to error (3/4): Bundler::PermissionError There was an error while trying to write to `/var/lib/gems/3.2.0/cache/jekyll-feed-0.17.0.gem`. It is likely that you need to grant write permissions for that path.

Retrying download gem from https://rubygems.org/ due to error (3/4): Bundler::PermissionError There was an error while trying to write to `/var/lib/gems/3.2.0/cache/jekyll-gist-1.5.0.gem`. It is likely that you need to grant write permissions for that path.

Retrying download gem from https://rubygems.org/ due to error (3/4): Bundler::PermissionError There was an error while trying to write to `/var/lib/gems/3.2.0/cache/jekyll-github-metadata-2.16.1.gem`. It is likely that you need to grant write permissions for that path.

Retrying download gem from https://rubygems.org/ due to error (3/4): Bundler::PermissionError There was an error while trying to write to `/var/lib/gems/3.2.0/cache/racc-1.8.1.gem`. It is likely that you need to grant write permissions for that path.

Retrying download gem from https://rubygems.org/ due to error (3/4): Bundler::PermissionError There was an error while trying to write to `/var/lib/gems/3.2.0/cache/jekyll-include-cache-0.2.1.gem`. It is likely that you need to grant write permissions for that path.

Retrying download gem from https://rubygems.org/ due to error (4/4): Bundler::PermissionError There was an error while trying to write to `/var/lib/gems/3.2.0/cache/jekyll-coffeescript-1.2.2.gem`. It is likely that you need to grant write permissions for that path.

Retrying download gem from https://rubygems.org/ due to error (4/4): Bundler::PermissionError There was an error while trying to write to `/var/lib/gems/3.2.0/cache/jekyll-avatar-0.8.0.gem`. It is likely that you need to grant write permissions for that path.

Retrying download gem from https://rubygems.org/ due to error (4/4): Bundler::PermissionError There was an error while trying to write to `/var/lib/gems/3.2.0/cache/jekyll-commonmark-1.4.0.gem`. It is likely that you need to grant write permissions for that path.

Retrying download gem from https://rubygems.org/ due to error (3/4): Bundler::PermissionError There was an error while trying to write to `/var/lib/gems/3.2.0/cache/nokogiri-1.19.4-x86_64-linux-gnu.gem`. It is likely that you need to grant write permissions for that path.

Retrying download gem from https://rubygems.org/ due to error (3/4): Bundler::PermissionError There was an error while trying to write to `/var/lib/gems/3.2.0/cache/html-pipeline-2.14.3.gem`. It is likely that you need to grant write permissions for that path.

Retrying download gem from https://rubygems.org/ due to error (4/4): Bundler::PermissionError There was an error while trying to write to `/var/lib/gems/3.2.0/cache/jekyll-feed-0.17.0.gem`. It is likely that you need to grant write permissions for that path.

Retrying download gem from https://rubygems.org/ due to error (4/4): Bundler::PermissionError There was an error while trying to write to `/var/lib/gems/3.2.0/cache/jekyll-default-layout-0.1.5.gem`. It is likely that you need to grant write permissions for that path.

Retrying download gem from https://rubygems.org/ due to error (4/4): Bundler::PermissionError There was an error while trying to write to `/var/lib/gems/3.2.0/cache/racc-1.8.1.gem`. It is likely that you need to grant write permissions for that path.

Retrying download gem from https://rubygems.org/ due to error (4/4): Bundler::PermissionError There was an error while trying to write to `/var/lib/gems/3.2.0/cache/jekyll-gist-1.5.0.gem`. It is likely that you need to grant write permissions for that path.

Retrying download gem from https://rubygems.org/ due to error (4/4): Bundler::PermissionError There was an error while trying to write to `/var/lib/gems/3.2.0/cache/jekyll-commonmark-ghpages-0.5.1.gem`. It is likely that you need to grant write permissions for that path.

Retrying download gem from https://rubygems.org/ due to error (4/4): Bundler::PermissionError There was an error while trying to write to `/var/lib/gems/3.2.0/cache/jekyll-github-metadata-2.16.1.gem`. It is likely that you need to grant write permissions for that path.

Retrying download gem from https://rubygems.org/ due to error (4/4): Bundler::PermissionError There was an error while trying to write to `/var/lib/gems/3.2.0/cache/jekyll-include-cache-0.2.1.gem`. It is likely that you need to grant write permissions for that path.

Retrying download gem from https://rubygems.org/ due to error (4/4): Bundler::PermissionError There was an error while trying to write to `/var/lib/gems/3.2.0/cache/html-pipeline-2.14.3.gem`. It is likely that you need to grant write permissions for that path.

Retrying download gem from https://rubygems.org/ due to error (4/4): Bundler::PermissionError There was an error while trying to write to `/var/lib/gems/3.2.0/cache/nokogiri-1.19.4-x86_64-linux-gnu.gem`. It is likely that you need to grant write permissions for that path.

Fetching jekyll-mentions 1.6.0

Fetching jekyll-optional-front-matter 0.3.2

Fetching jekyll-paginate 1.1.0

Retrying download gem from https://rubygems.org/ due to error (2/4): Bundler::PermissionError There was an error while trying to write to `/var/lib/gems/3.2.0/cache/jekyll-mentions-1.6.0.gem`. It is likely that you need to grant write permissions for that path.

Retrying download gem from https://rubygems.org/ due to error (2/4): Bundler::PermissionError There was an error while trying to write to `/var/lib/gems/3.2.0/cache/jekyll-optional-front-matter-0.3.2.gem`. It is likely that you need to grant write permissions for that path.

Retrying download gem from https://rubygems.org/ due to error (2/4): Bundler::PermissionError There was an error while trying to write to `/var/lib/gems/3.2.0/cache/jekyll-paginate-1.1.0.gem`. It is likely that you need to grant write permissions for that path.

Fetching jekyll-readme-index 0.3.0

Fetching jekyll-redirect-from 0.16.0

Retrying download gem from https://rubygems.org/ due to error (2/4): Bundler::PermissionError There was an error while trying to write to `/var/lib/gems/3.2.0/cache/jekyll-readme-index-0.3.0.gem`. It is likely that you need to grant write permissions for that path.

Fetching jekyll-relative-links 0.6.1

Fetching rubyzip 2.4.1

Fetching jekyll-remote-theme 0.4.3

Retrying download gem from https://rubygems.org/ due to error (3/4): Bundler::PermissionError There was an error while trying to write to `/var/lib/gems/3.2.0/cache/jekyll-optional-front-matter-0.3.2.gem`. It is likely that you need to grant write permissions for that path.

Retrying download gem from https://rubygems.org/ due to error (3/4): Bundler::PermissionError There was an error while trying to write to `/var/lib/gems/3.2.0/cache/jekyll-mentions-1.6.0.gem`. It is likely that you need to grant write permissions for that path.

Retrying download gem from https://rubygems.org/ due to error (2/4): Bundler::PermissionError There was an error while trying to write to `/var/lib/gems/3.2.0/cache/jekyll-redirect-from-0.16.0.gem`. It is likely that you need to grant write permissions for that path.

Fetching jekyll-seo-tag 2.8.0

Retrying download gem from https://rubygems.org/ due to error (2/4): Bundler::PermissionError There was an error while trying to write to `/var/lib/gems/3.2.0/cache/jekyll-relative-links-0.6.1.gem`. It is likely that you need to grant write permissions for that path.

Fetching jekyll-sitemap 1.4.0

Retrying download gem from https://rubygems.org/ due to error (2/4): Bundler::PermissionError There was an error while trying to write to `/var/lib/gems/3.2.0/cache/rubyzip-2.4.1.gem`. It is likely that you need to grant write permissions for that path.

Retrying download gem from https://rubygems.org/ due to error (2/4): Bundler::PermissionError There was an error while trying to write to `/var/lib/gems/3.2.0/cache/jekyll-remote-theme-0.4.3.gem`. It is likely that you need to grant write permissions for that path.

Retrying download gem from https://rubygems.org/ due to error (3/4): Bundler::PermissionError There was an error while trying to write to `/var/lib/gems/3.2.0/cache/jekyll-paginate-1.1.0.gem`. It is likely that you need to grant write permissions for that path.

Retrying download gem from https://rubygems.org/ due to error (2/4): Bundler::PermissionError There was an error while trying to write to `/var/lib/gems/3.2.0/cache/jekyll-seo-tag-2.8.0.gem`. It is likely that you need to grant write permissions for that path.

Retrying download gem from https://rubygems.org/ due to error (2/4): Bundler::PermissionError There was an error while trying to write to `/var/lib/gems/3.2.0/cache/jekyll-sitemap-1.4.0.gem`. It is likely that you need to grant write permissions for that path.

Retrying download gem from https://rubygems.org/ due to error (3/4): Bundler::PermissionError There was an error while trying to write to `/var/lib/gems/3.2.0/cache/jekyll-redirect-from-0.16.0.gem`. It is likely that you need to grant write permissions for that path.

Retrying download gem from https://rubygems.org/ due to error (3/4): Bundler::PermissionError There was an error while trying to write to `/var/lib/gems/3.2.0/cache/jekyll-readme-index-0.3.0.gem`. It is likely that you need to grant write permissions for that path.

Retrying download gem from https://rubygems.org/ due to error (3/4): Bundler::PermissionError There was an error while trying to write to `/var/lib/gems/3.2.0/cache/jekyll-relative-links-0.6.1.gem`. It is likely that you need to grant write permissions for that path.

Retrying download gem from https://rubygems.org/ due to error (3/4): Bundler::PermissionError There was an error while trying to write to `/var/lib/gems/3.2.0/cache/rubyzip-2.4.1.gem`. It is likely that you need to grant write permissions for that path.

Retrying download gem from https://rubygems.org/ due to error (3/4): Bundler::PermissionError There was an error while trying to write to `/var/lib/gems/3.2.0/cache/jekyll-sitemap-1.4.0.gem`. It is likely that you need to grant write permissions for that path.

Retrying download gem from https://rubygems.org/ due to error (3/4): Bundler::PermissionError There was an error while trying to write to `/var/lib/gems/3.2.0/cache/jekyll-remote-theme-0.4.3.gem`. It is likely that you need to grant write permissions for that path.

Fetching jekyll-swiss 1.0.0

Retrying download gem from https://rubygems.org/ due to error (2/4): Bundler::PermissionError There was an error while trying to write to `/var/lib/gems/3.2.0/cache/jekyll-swiss-1.0.0.gem`. It is likely that you need to grant write permissions for that path.

Retrying download gem from https://rubygems.org/ due to error (3/4): Bundler::PermissionError There was an error while trying to write to `/var/lib/gems/3.2.0/cache/jekyll-seo-tag-2.8.0.gem`. It is likely that you need to grant write permissions for that path.

Retrying download gem from https://rubygems.org/ due to error (4/4): Bundler::PermissionError There was an error while trying to write to `/var/lib/gems/3.2.0/cache/jekyll-mentions-1.6.0.gem`. It is likely that you need to grant write permissions for that path.

Retrying download gem from https://rubygems.org/ due to error (4/4): Bundler::PermissionError There was an error while trying to write to `/var/lib/gems/3.2.0/cache/jekyll-optional-front-matter-0.3.2.gem`. It is likely that you need to grant write permissions for that path.

Retrying download gem from https://rubygems.org/ due to error (4/4): Bundler::PermissionError There was an error while trying to write to `/var/lib/gems/3.2.0/cache/jekyll-paginate-1.1.0.gem`. It is likely that you need to grant write permissions for that path.

Fetching jekyll-theme-architect 0.2.0

Retrying download gem from https://rubygems.org/ due to error (3/4): Bundler::PermissionError There was an error while trying to write to `/var/lib/gems/3.2.0/cache/jekyll-swiss-1.0.0.gem`. It is likely that you need to grant write permissions for that path.

Retrying download gem from https://rubygems.org/ due to error (4/4): Bundler::PermissionError There was an error while trying to write to `/var/lib/gems/3.2.0/cache/jekyll-redirect-from-0.16.0.gem`. It is likely that you need to grant write permissions for that path.

Retrying download gem from https://rubygems.org/ due to error (2/4): Bundler::PermissionError There was an error while trying to write to `/var/lib/gems/3.2.0/cache/jekyll-theme-architect-0.2.0.gem`. It is likely that you need to grant write permissions for that path.

Retrying download gem from https://rubygems.org/ due to error (4/4): Bundler::PermissionError There was an error while trying to write to `/var/lib/gems/3.2.0/cache/jekyll-readme-index-0.3.0.gem`. It is likely that you need to grant write permissions for that path.

Retrying download gem from https://rubygems.org/ due to error (4/4): Bundler::PermissionError There was an error while trying to write to `/var/lib/gems/3.2.0/cache/jekyll-relative-links-0.6.1.gem`. It is likely that you need to grant write permissions for that path.

Retrying download gem from https://rubygems.org/ due to error (4/4): Bundler::PermissionError There was an error while trying to write to `/var/lib/gems/3.2.0/cache/jekyll-sitemap-1.4.0.gem`. It is likely that you need to grant write permissions for that path.

Retrying download gem from https://rubygems.org/ due to error (4/4): Bundler::PermissionError There was an error while trying to write to `/var/lib/gems/3.2.0/cache/rubyzip-2.4.1.gem`. It is likely that you need to grant write permissions for that path.

Retrying download gem from https://rubygems.org/ due to error (4/4): Bundler::PermissionError There was an error while trying to write to `/var/lib/gems/3.2.0/cache/jekyll-seo-tag-2.8.0.gem`. It is likely that you need to grant write permissions for that path.

Retrying download gem from https://rubygems.org/ due to error (4/4): Bundler::PermissionError There was an error while trying to write to `/var/lib/gems/3.2.0/cache/jekyll-remote-theme-0.4.3.gem`. It is likely that you need to grant write permissions for that path.

Retrying download gem from https://rubygems.org/ due to error (3/4): Bundler::PermissionError There was an error while trying to write to `/var/lib/gems/3.2.0/cache/jekyll-theme-architect-0.2.0.gem`. It is likely that you need to grant write permissions for that path.

Retrying download gem from https://rubygems.org/ due to error (4/4): Bundler::PermissionError There was an error while trying to write to `/var/lib/gems/3.2.0/cache/jekyll-swiss-1.0.0.gem`. It is likely that you need to grant write permissions for that path.

Fetching jekyll-theme-cayman 0.2.0

Retrying download gem from https://rubygems.org/ due to error (2/4): Bundler::PermissionError There was an error while trying to write to `/var/lib/gems/3.2.0/cache/jekyll-theme-cayman-0.2.0.gem`. It is likely that you need to grant write permissions for that path.

Fetching jekyll-theme-dinky 0.2.0

Retrying download gem from https://rubygems.org/ due to error (2/4): Bundler::PermissionError There was an error while trying to write to `/var/lib/gems/3.2.0/cache/jekyll-theme-dinky-0.2.0.gem`. It is likely that you need to grant write permissions for that path.

Fetching jekyll-theme-hacker 0.2.0

Retrying download gem from https://rubygems.org/ due to error (2/4): Bundler::PermissionError There was an error while trying to write to `/var/lib/gems/3.2.0/cache/jekyll-theme-hacker-0.2.0.gem`. It is likely that you need to grant write permissions for that path.

Retrying download gem from https://rubygems.org/ due to error (4/4): Bundler::PermissionError There was an error while trying to write to `/var/lib/gems/3.2.0/cache/jekyll-theme-architect-0.2.0.gem`. It is likely that you need to grant write permissions for that path.

Fetching jekyll-theme-leap-day 0.2.0

Retrying download gem from https://rubygems.org/ due to error (2/4): Bundler::PermissionError There was an error while trying to write to `/var/lib/gems/3.2.0/cache/jekyll-theme-leap-day-0.2.0.gem`. It is likely that you need to grant write permissions for that path.

Retrying download gem from https://rubygems.org/ due to error (3/4): Bundler::PermissionError There was an error while trying to write to `/var/lib/gems/3.2.0/cache/jekyll-theme-dinky-0.2.0.gem`. It is likely that you need to grant write permissions for that path.

Fetching jekyll-theme-merlot 0.2.0

Retrying download gem from https://rubygems.org/ due to error (3/4): Bundler::PermissionError There was an error while trying to write to `/var/lib/gems/3.2.0/cache/jekyll-theme-hacker-0.2.0.gem`. It is likely that you need to grant write permissions for that path.

Retrying download gem from https://rubygems.org/ due to error (3/4): Bundler::PermissionError There was an error while trying to write to `/var/lib/gems/3.2.0/cache/jekyll-theme-cayman-0.2.0.gem`. It is likely that you need to grant write permissions for that path.

Fetching jekyll-theme-midnight 0.2.0

Fetching jekyll-theme-minimal 0.2.0

Retrying download gem from https://rubygems.org/ due to error (2/4): Bundler::PermissionError There was an error while trying to write to `/var/lib/gems/3.2.0/cache/jekyll-theme-merlot-0.2.0.gem`. It is likely that you need to grant write permissions for that path.

Fetching jekyll-theme-modernist 0.2.0

Retrying download gem from https://rubygems.org/ due to error (2/4): Bundler::PermissionError There was an error while trying to write to `/var/lib/gems/3.2.0/cache/jekyll-theme-midnight-0.2.0.gem`. It is likely that you need to grant write permissions for that path.

Retrying download gem from https://rubygems.org/ due to error (2/4): Bundler::PermissionError There was an error while trying to write to `/var/lib/gems/3.2.0/cache/jekyll-theme-minimal-0.2.0.gem`. It is likely that you need to grant write permissions for that path.

Fetching jekyll-theme-primer 0.6.0

Fetching jekyll-theme-slate 0.2.0

Retrying download gem from https://rubygems.org/ due to error (2/4): Bundler::PermissionError There was an error while trying to write to `/var/lib/gems/3.2.0/cache/jekyll-theme-modernist-0.2.0.gem`. It is likely that you need to grant write permissions for that path.

Retrying download gem from https://rubygems.org/ due to error (2/4): Bundler::PermissionError There was an error while trying to write to `/var/lib/gems/3.2.0/cache/jekyll-theme-primer-0.6.0.gem`. It is likely that you need to grant write permissions for that path.

Retrying download gem from https://rubygems.org/ due to error (3/4): Bundler::PermissionError There was an error while trying to write to `/var/lib/gems/3.2.0/cache/jekyll-theme-leap-day-0.2.0.gem`. It is likely that you need to grant write permissions for that path.

Retrying download gem from https://rubygems.org/ due to error (2/4): Bundler::PermissionError There was an error while trying to write to `/var/lib/gems/3.2.0/cache/jekyll-theme-slate-0.2.0.gem`. It is likely that you need to grant write permissions for that path.

Retrying download gem from https://rubygems.org/ due to error (3/4): Bundler::PermissionError There was an error while trying to write to `/var/lib/gems/3.2.0/cache/jekyll-theme-merlot-0.2.0.gem`. It is likely that you need to grant write permissions for that path.

Fetching jekyll-theme-tactile 0.2.0

Retrying download gem from https://rubygems.org/ due to error (2/4): Bundler::PermissionError There was an error while trying to write to `/var/lib/gems/3.2.0/cache/jekyll-theme-tactile-0.2.0.gem`. It is likely that you need to grant write permissions for that path.

Retrying download gem from https://rubygems.org/ due to error (4/4): Bundler::PermissionError There was an error while trying to write to `/var/lib/gems/3.2.0/cache/jekyll-theme-dinky-0.2.0.gem`. It is likely that you need to grant write permissions for that path.

Retrying download gem from https://rubygems.org/ due to error (4/4): Bundler::PermissionError There was an error while trying to write to `/var/lib/gems/3.2.0/cache/jekyll-theme-hacker-0.2.0.gem`. It is likely that you need to grant write permissions for that path.

Retrying download gem from https://rubygems.org/ due to error (3/4): Bundler::PermissionError There was an error while trying to write to `/var/lib/gems/3.2.0/cache/jekyll-theme-modernist-0.2.0.gem`. It is likely that you need to grant write permissions for that path.

Retrying download gem from https://rubygems.org/ due to error (3/4): Bundler::PermissionError There was an error while trying to write to `/var/lib/gems/3.2.0/cache/jekyll-theme-midnight-0.2.0.gem`. It is likely that you need to grant write permissions for that path.

Retrying download gem from https://rubygems.org/ due to error (3/4): Bundler::PermissionError There was an error while trying to write to `/var/lib/gems/3.2.0/cache/jekyll-theme-primer-0.6.0.gem`. It is likely that you need to grant write permissions for that path.

Retrying download gem from https://rubygems.org/ due to error (4/4): Bundler::PermissionError There was an error while trying to write to `/var/lib/gems/3.2.0/cache/jekyll-theme-cayman-0.2.0.gem`. It is likely that you need to grant write permissions for that path.

Retrying download gem from https://rubygems.org/ due to error (3/4): Bundler::PermissionError There was an error while trying to write to `/var/lib/gems/3.2.0/cache/jekyll-theme-minimal-0.2.0.gem`. It is likely that you need to grant write permissions for that path.

Retrying download gem from https://rubygems.org/ due to error (3/4): Bundler::PermissionError There was an error while trying to write to `/var/lib/gems/3.2.0/cache/jekyll-theme-slate-0.2.0.gem`. It is likely that you need to grant write permissions for that path.

Retrying download gem from https://rubygems.org/ due to error (3/4): Bundler::PermissionError There was an error while trying to write to `/var/lib/gems/3.2.0/cache/jekyll-theme-tactile-0.2.0.gem`. It is likely that you need to grant write permissions for that path.

Fetching jekyll-theme-time-machine 0.2.0

Retrying download gem from https://rubygems.org/ due to error (2/4): Bundler::PermissionError There was an error while trying to write to `/var/lib/gems/3.2.0/cache/jekyll-theme-time-machine-0.2.0.gem`. It is likely that you need to grant write permissions for that path.

Retrying download gem from https://rubygems.org/ due to error (4/4): Bundler::PermissionError There was an error while trying to write to `/var/lib/gems/3.2.0/cache/jekyll-theme-leap-day-0.2.0.gem`. It is likely that you need to grant write permissions for that path.

Retrying download gem from https://rubygems.org/ due to error (4/4): Bundler::PermissionError There was an error while trying to write to `/var/lib/gems/3.2.0/cache/jekyll-theme-merlot-0.2.0.gem`. It is likely that you need to grant write permissions for that path.

Retrying download gem from https://rubygems.org/ due to error (4/4): Bundler::PermissionError There was an error while trying to write to `/var/lib/gems/3.2.0/cache/jekyll-theme-modernist-0.2.0.gem`. It is likely that you need to grant write permissions for that path.

Retrying download gem from https://rubygems.org/ due to error (3/4): Bundler::PermissionError There was an error while trying to write to `/var/lib/gems/3.2.0/cache/jekyll-theme-time-machine-0.2.0.gem`. It is likely that you need to grant write permissions for that path.

Retrying download gem from https://rubygems.org/ due to error (4/4): Bundler::PermissionError There was an error while trying to write to `/var/lib/gems/3.2.0/cache/jekyll-theme-midnight-0.2.0.gem`. It is likely that you need to grant write permissions for that path.

Retrying download gem from https://rubygems.org/ due to error (4/4): Bundler::PermissionError There was an error while trying to write to `/var/lib/gems/3.2.0/cache/jekyll-theme-slate-0.2.0.gem`. It is likely that you need to grant write permissions for that path.

Retrying download gem from https://rubygems.org/ due to error (4/4): Bundler::PermissionError There was an error while trying to write to `/var/lib/gems/3.2.0/cache/jekyll-theme-primer-0.6.0.gem`. It is likely that you need to grant write permissions for that path.

Retrying download gem from https://rubygems.org/ due to error (4/4): Bundler::PermissionError There was an error while trying to write to `/var/lib/gems/3.2.0/cache/jekyll-theme-minimal-0.2.0.gem`. It is likely that you need to grant write permissions for that path.

Retrying download gem from https://rubygems.org/ due to error (4/4): Bundler::PermissionError There was an error while trying to write to `/var/lib/gems/3.2.0/cache/jekyll-theme-tactile-0.2.0.gem`. It is likely that you need to grant write permissions for that path.

Fetching jekyll-titles-from-headings 0.5.3

Retrying download gem from https://rubygems.org/ due to error (2/4): Bundler::PermissionError There was an error while trying to write to `/var/lib/gems/3.2.0/cache/jekyll-titles-from-headings-0.5.3.gem`. It is likely that you need to grant write permissions for that path.

Fetching jemoji 0.13.0

Retrying download gem from https://rubygems.org/ due to error (2/4): Bundler::PermissionError There was an error while trying to write to `/var/lib/gems/3.2.0/cache/jemoji-0.13.0.gem`. It is likely that you need to grant write permissions for that path.

Retrying download gem from https://rubygems.org/ due to error (4/4): Bundler::PermissionError There was an error while trying to write to `/var/lib/gems/3.2.0/cache/jekyll-theme-time-machine-0.2.0.gem`. It is likely that you need to grant write permissions for that path.

Fetching minima 2.5.1

Retrying download gem from https://rubygems.org/ due to error (2/4): Bundler::PermissionError There was an error while trying to write to `/var/lib/gems/3.2.0/cache/minima-2.5.1.gem`. It is likely that you need to grant write permissions for that path.

Retrying download gem from https://rubygems.org/ due to error (3/4): Bundler::PermissionError There was an error while trying to write to `/var/lib/gems/3.2.0/cache/jekyll-titles-from-headings-0.5.3.gem`. It is likely that you need to grant write permissions for that path.

Retrying download gem from https://rubygems.org/ due to error (3/4): Bundler::PermissionError There was an error while trying to write to `/var/lib/gems/3.2.0/cache/jemoji-0.13.0.gem`. It is likely that you need to grant write permissions for that path.

Fetching unicode-display_width 1.8.0

Retrying download gem from https://rubygems.org/ due to error (2/4): Bundler::PermissionError There was an error while trying to write to `/var/lib/gems/3.2.0/cache/unicode-display_width-1.8.0.gem`. It is likely that you need to grant write permissions for that path.

Fetching terminal-table 1.8.0

Retrying download gem from https://rubygems.org/ due to error (2/4): Bundler::PermissionError There was an error while trying to write to `/var/lib/gems/3.2.0/cache/terminal-table-1.8.0.gem`. It is likely that you need to grant write permissions for that path.

Fetching github-pages 232

Retrying download gem from https://rubygems.org/ due to error (2/4): Bundler::PermissionError There was an error while trying to write to `/var/lib/gems/3.2.0/cache/github-pages-232.gem`. It is likely that you need to grant write permissions for that path.

Retrying download gem from https://rubygems.org/ due to error (3/4): Bundler::PermissionError There was an error while trying to write to `/var/lib/gems/3.2.0/cache/minima-2.5.1.gem`. It is likely that you need to grant write permissions for that path.

Retrying download gem from https://rubygems.org/ due to error (3/4): Bundler::PermissionError There was an error while trying to write to `/var/lib/gems/3.2.0/cache/unicode-display_width-1.8.0.gem`. It is likely that you need to grant write permissions for that path.



Retrying download gem from https://rubygems.org/ due to error (3/4): Bundler::PermissionError There was an error while trying to write to `/var/lib/gems/3.2.0/cache/terminal-table-1.8.0.gem`. It is likely that you need to grant write permissions for that path.


Retrying download gem from https://rubygems.org/ due to error (3/4): Bundler::PermissionError There was an error while trying to write to `/var/lib/gems/3.2.0/cache/github-pages-232.gem`. It is likely that you need to grant write permissions for that path.


Retrying download gem from https://rubygems.org/ due to error (4/4): Bundler::PermissionError There was an error while trying to write to `/var/lib/gems/3.2.0/cache/jekyll-titles-from-headings-0.5.3.gem`. It is likely that you need to grant write permissions for that path.

Retrying download gem from https://rubygems.org/ due to error (4/4): Bundler::PermissionError There was an error while trying to write to `/var/lib/gems/3.2.0/cache/jemoji-0.13.0.gem`. It is likely that you need to grant write permissions for that path.


Retrying download gem from https://rubygems.org/ due to error (4/4): Bundler::PermissionError There was an error while trying to write to `/var/lib/gems/3.2.0/cache/minima-2.5.1.gem`. It is likely that you need to grant write permissions for that path.


Retrying download gem from https://rubygems.org/ due to error (4/4): Bundler::PermissionError There was an error while trying to write to `/var/lib/gems/3.2.0/cache/unicode-display_width-1.8.0.gem`. It is likely that you need to grant write permissions for that path.

Retrying download gem from https://rubygems.org/ due to error (4/4): Bundler::PermissionError There was an error while trying to write to `/var/lib/gems/3.2.0/cache/terminal-table-1.8.0.gem`. It is likely that you need to grant write permissions for that path.

Retrying download gem from https://rubygems.org/ due to error (4/4): Bundler::PermissionError There was an error while trying to write to `/var/lib/gems/3.2.0/cache/github-pages-232.gem`. It is likely that you need to grant write permissions for that path.






Bundler::PermissionError: There was an error while trying to write to `/var/lib/gems/3.2.0/cache/bigdecimal-4.1.2.gem`. It is likely
that you need to grant write permissions for that path.
  /var/lib/gems/3.2.0/gems/bundler-4.0.16/lib/bundler/shared_helpers.rb:110:in `rescue in filesystem_access'
  /var/lib/gems/3.2.0/gems/bundler-4.0.16/lib/bundler/shared_helpers.rb:105:in `filesystem_access'
  /var/lib/gems/3.2.0/gems/bundler-4.0.16/lib/bundler/rubygems_integration.rb:392:in `block in download_gem'
  /var/lib/gems/3.2.0/gems/bundler-4.0.16/lib/bundler/retry.rb:48:in `run'
  /var/lib/gems/3.2.0/gems/bundler-4.0.16/lib/bundler/retry.rb:38:in `attempt'
  /var/lib/gems/3.2.0/gems/bundler-4.0.16/lib/bundler/rubygems_integration.rb:384:in `download_gem'
  /var/lib/gems/3.2.0/gems/bundler-4.0.16/lib/bundler/source/rubygems.rb:549:in `block in download_gem'
  /usr/lib/ruby/vendor_ruby/rubygems.rb:962:in `time'
  /var/lib/gems/3.2.0/gems/bundler-4.0.16/lib/bundler/source/rubygems.rb:548:in `download_gem'
  /var/lib/gems/3.2.0/gems/bundler-4.0.16/lib/bundler/source/rubygems.rb:479:in `fetch_gem'
  /var/lib/gems/3.2.0/gems/bundler-4.0.16/lib/bundler/source/rubygems.rb:463:in `fetch_gem_if_possible'
  /var/lib/gems/3.2.0/gems/bundler-4.0.16/lib/bundler/source/rubygems.rb:585:in `rubygems_gem_installer'
  /var/lib/gems/3.2.0/gems/bundler-4.0.16/lib/bundler/source/rubygems.rb:185:in `download'
  /var/lib/gems/3.2.0/gems/bundler-4.0.16/lib/bundler/installer/gem_installer.rb:29:in `download'
  /var/lib/gems/3.2.0/gems/bundler-4.0.16/lib/bundler/installer/parallel_installer.rb:193:in `do_download'
  /var/lib/gems/3.2.0/gems/bundler-4.0.16/lib/bundler/installer/parallel_installer.rb:177:in `block in worker_pool'
  /var/lib/gems/3.2.0/gems/bundler-4.0.16/lib/bundler/worker.rb:70:in `apply_func'
  /var/lib/gems/3.2.0/gems/bundler-4.0.16/lib/bundler/worker.rb:65:in `block in process_queue'
  /var/lib/gems/3.2.0/gems/bundler-4.0.16/lib/bundler/worker.rb:56:in `loop'
  /var/lib/gems/3.2.0/gems/bundler-4.0.16/lib/bundler/worker.rb:56:in `process_queue'
  /var/lib/gems/3.2.0/gems/bundler-4.0.16/lib/bundler/worker.rb:98:in `block (2 levels) in create_threads'

An error occurred while installing bigdecimal (4.1.2), and Bundler cannot continue.

In Gemfile:
  github-pages was resolved to 232, which depends on
    jekyll-mentions was resolved to 1.6.0, which depends on
      html-pipeline was resolved to 2.14.3, which depends on
        activesupport was resolved to 8.1.3, which depends on
          bigdecimal


Bundler::PermissionError: There was an error while trying to write to `/var/lib/gems/3.2.0/cache/connection_pool-3.0.2.gem`. It is
likely that you need to grant write permissions for that path.
  /var/lib/gems/3.2.0/gems/bundler-4.0.16/lib/bundler/shared_helpers.rb:110:in `rescue in filesystem_access'
  /var/lib/gems/3.2.0/gems/bundler-4.0.16/lib/bundler/shared_helpers.rb:105:in `filesystem_access'
  /var/lib/gems/3.2.0/gems/bundler-4.0.16/lib/bundler/rubygems_integration.rb:392:in `block in download_gem'
  /var/lib/gems/3.2.0/gems/bundler-4.0.16/lib/bundler/retry.rb:48:in `run'
  /var/lib/gems/3.2.0/gems/bundler-4.0.16/lib/bundler/retry.rb:38:in `attempt'
  /var/lib/gems/3.2.0/gems/bundler-4.0.16/lib/bundler/rubygems_integration.rb:384:in `download_gem'
  /var/lib/gems/3.2.0/gems/bundler-4.0.16/lib/bundler/source/rubygems.rb:549:in `block in download_gem'
  /usr/lib/ruby/vendor_ruby/rubygems.rb:962:in `time'
  /var/lib/gems/3.2.0/gems/bundler-4.0.16/lib/bundler/source/rubygems.rb:548:in `download_gem'
  /var/lib/gems/3.2.0/gems/bundler-4.0.16/lib/bundler/source/rubygems.rb:479:in `fetch_gem'
  /var/lib/gems/3.2.0/gems/bundler-4.0.16/lib/bundler/source/rubygems.rb:463:in `fetch_gem_if_possible'
  /var/lib/gems/3.2.0/gems/bundler-4.0.16/lib/bundler/source/rubygems.rb:585:in `rubygems_gem_installer'
  /var/lib/gems/3.2.0/gems/bundler-4.0.16/lib/bundler/source/rubygems.rb:185:in `download'
  /var/lib/gems/3.2.0/gems/bundler-4.0.16/lib/bundler/installer/gem_installer.rb:29:in `download'
  /var/lib/gems/3.2.0/gems/bundler-4.0.16/lib/bundler/installer/parallel_installer.rb:193:in `do_download'
  /var/lib/gems/3.2.0/gems/bundler-4.0.16/lib/bundler/installer/parallel_installer.rb:177:in `block in worker_pool'
  /var/lib/gems/3.2.0/gems/bundler-4.0.16/lib/bundler/worker.rb:70:in `apply_func'
  /var/lib/gems/3.2.0/gems/bundler-4.0.16/lib/bundler/worker.rb:65:in `block in process_queue'
  /var/lib/gems/3.2.0/gems/bundler-4.0.16/lib/bundler/worker.rb:56:in `loop'
  /var/lib/gems/3.2.0/gems/bundler-4.0.16/lib/bundler/worker.rb:56:in `process_queue'
  /var/lib/gems/3.2.0/gems/bundler-4.0.16/lib/bundler/worker.rb:98:in `block (2 levels) in create_threads'

An error occurred while installing connection_pool (3.0.2), and Bundler cannot continue.

In Gemfile:
  github-pages was resolved to 232, which depends on
    jekyll-mentions was resolved to 1.6.0, which depends on
      html-pipeline was resolved to 2.14.3, which depends on
        activesupport was resolved to 8.1.3, which depends on
          connection_pool


Bundler::PermissionError: There was an error while trying to write to `/var/lib/gems/3.2.0/cache/drb-2.2.3.gem`. It is likely that
you need to grant write permissions for that path.
  /var/lib/gems/3.2.0/gems/bundler-4.0.16/lib/bundler/shared_helpers.rb:110:in `rescue in filesystem_access'
  /var/lib/gems/3.2.0/gems/bundler-4.0.16/lib/bundler/shared_helpers.rb:105:in `filesystem_access'
  /var/lib/gems/3.2.0/gems/bundler-4.0.16/lib/bundler/rubygems_integration.rb:392:in `block in download_gem'
  /var/lib/gems/3.2.0/gems/bundler-4.0.16/lib/bundler/retry.rb:48:in `run'
  /var/lib/gems/3.2.0/gems/bundler-4.0.16/lib/bundler/retry.rb:38:in `attempt'
  /var/lib/gems/3.2.0/gems/bundler-4.0.16/lib/bundler/rubygems_integration.rb:384:in `download_gem'
  /var/lib/gems/3.2.0/gems/bundler-4.0.16/lib/bundler/source/rubygems.rb:549:in `block in download_gem'
  /usr/lib/ruby/vendor_ruby/rubygems.rb:962:in `time'
  /var/lib/gems/3.2.0/gems/bundler-4.0.16/lib/bundler/source/rubygems.rb:548:in `download_gem'
  /var/lib/gems/3.2.0/gems/bundler-4.0.16/lib/bundler/source/rubygems.rb:479:in `fetch_gem'
  /var/lib/gems/3.2.0/gems/bundler-4.0.16/lib/bundler/source/rubygems.rb:463:in `fetch_gem_if_possible'
  /var/lib/gems/3.2.0/gems/bundler-4.0.16/lib/bundler/source/rubygems.rb:585:in `rubygems_gem_installer'
  /var/lib/gems/3.2.0/gems/bundler-4.0.16/lib/bundler/source/rubygems.rb:185:in `download'
  /var/lib/gems/3.2.0/gems/bundler-4.0.16/lib/bundler/installer/gem_installer.rb:29:in `download'
  /var/lib/gems/3.2.0/gems/bundler-4.0.16/lib/bundler/installer/parallel_installer.rb:193:in `do_download'
  /var/lib/gems/3.2.0/gems/bundler-4.0.16/lib/bundler/installer/parallel_installer.rb:177:in `block in worker_pool'
  /var/lib/gems/3.2.0/gems/bundler-4.0.16/lib/bundler/worker.rb:70:in `apply_func'
  /var/lib/gems/3.2.0/gems/bundler-4.0.16/lib/bundler/worker.rb:65:in `block in process_queue'
  /var/lib/gems/3.2.0/gems/bundler-4.0.16/lib/bundler/worker.rb:56:in `loop'
  /var/lib/gems/3.2.0/gems/bundler-4.0.16/lib/bundler/worker.rb:56:in `process_queue'
  /var/lib/gems/3.2.0/gems/bundler-4.0.16/lib/bundler/worker.rb:98:in `block (2 levels) in create_threads'

An error occurred while installing drb (2.2.3), and Bundler cannot continue.

In Gemfile:
  github-pages was resolved to 232, which depends on
    jekyll-mentions was resolved to 1.6.0, which depends on
      html-pipeline was resolved to 2.14.3, which depends on
        activesupport was resolved to 8.1.3, which depends on
          minitest was resolved to 6.0.6, which depends on
            drb


Bundler::PermissionError: There was an error while trying to write to `/var/lib/gems/3.2.0/cache/json-2.20.0.gem`. It is likely that
you need to grant write permissions for that path.
  /var/lib/gems/3.2.0/gems/bundler-4.0.16/lib/bundler/shared_helpers.rb:110:in `rescue in filesystem_access'
  /var/lib/gems/3.2.0/gems/bundler-4.0.16/lib/bundler/shared_helpers.rb:105:in `filesystem_access'
  /var/lib/gems/3.2.0/gems/bundler-4.0.16/lib/bundler/rubygems_integration.rb:392:in `block in download_gem'
  /var/lib/gems/3.2.0/gems/bundler-4.0.16/lib/bundler/retry.rb:48:in `run'
  /var/lib/gems/3.2.0/gems/bundler-4.0.16/lib/bundler/retry.rb:38:in `attempt'
  /var/lib/gems/3.2.0/gems/bundler-4.0.16/lib/bundler/rubygems_integration.rb:384:in `download_gem'
  /var/lib/gems/3.2.0/gems/bundler-4.0.16/lib/bundler/source/rubygems.rb:549:in `block in download_gem'
  /usr/lib/ruby/vendor_ruby/rubygems.rb:962:in `time'
  /var/lib/gems/3.2.0/gems/bundler-4.0.16/lib/bundler/source/rubygems.rb:548:in `download_gem'
  /var/lib/gems/3.2.0/gems/bundler-4.0.16/lib/bundler/source/rubygems.rb:479:in `fetch_gem'
  /var/lib/gems/3.2.0/gems/bundler-4.0.16/lib/bundler/source/rubygems.rb:463:in `fetch_gem_if_possible'
  /var/lib/gems/3.2.0/gems/bundler-4.0.16/lib/bundler/source/rubygems.rb:585:in `rubygems_gem_installer'
  /var/lib/gems/3.2.0/gems/bundler-4.0.16/lib/bundler/source/rubygems.rb:185:in `download'
  /var/lib/gems/3.2.0/gems/bundler-4.0.16/lib/bundler/installer/gem_installer.rb:29:in `download'
  /var/lib/gems/3.2.0/gems/bundler-4.0.16/lib/bundler/installer/parallel_installer.rb:193:in `do_download'
  /var/lib/gems/3.2.0/gems/bundler-4.0.16/lib/bundler/installer/parallel_installer.rb:177:in `block in worker_pool'
  /var/lib/gems/3.2.0/gems/bundler-4.0.16/lib/bundler/worker.rb:70:in `apply_func'
  /var/lib/gems/3.2.0/gems/bundler-4.0.16/lib/bundler/worker.rb:65:in `block in process_queue'
  /var/lib/gems/3.2.0/gems/bundler-4.0.16/lib/bundler/worker.rb:56:in `loop'
  /var/lib/gems/3.2.0/gems/bundler-4.0.16/lib/bundler/worker.rb:56:in `process_queue'
  /var/lib/gems/3.2.0/gems/bundler-4.0.16/lib/bundler/worker.rb:98:in `block (2 levels) in create_threads'

An error occurred while installing json (2.20.0), and Bundler cannot continue.

In Gemfile:
  github-pages was resolved to 232, which depends on
    jekyll-mentions was resolved to 1.6.0, which depends on
      html-pipeline was resolved to 2.14.3, which depends on
        activesupport was resolved to 8.1.3, which depends on
          json


Bundler::PermissionError: There was an error while trying to write to `/var/lib/gems/3.2.0/cache/logger-1.7.0.gem`. It is likely that
you need to grant write permissions for that path.
  /var/lib/gems/3.2.0/gems/bundler-4.0.16/lib/bundler/shared_helpers.rb:110:in `rescue in filesystem_access'
  /var/lib/gems/3.2.0/gems/bundler-4.0.16/lib/bundler/shared_helpers.rb:105:in `filesystem_access'
  /var/lib/gems/3.2.0/gems/bundler-4.0.16/lib/bundler/rubygems_integration.rb:392:in `block in download_gem'
  /var/lib/gems/3.2.0/gems/bundler-4.0.16/lib/bundler/retry.rb:48:in `run'
  /var/lib/gems/3.2.0/gems/bundler-4.0.16/lib/bundler/retry.rb:38:in `attempt'
  /var/lib/gems/3.2.0/gems/bundler-4.0.16/lib/bundler/rubygems_integration.rb:384:in `download_gem'
  /var/lib/gems/3.2.0/gems/bundler-4.0.16/lib/bundler/source/rubygems.rb:549:in `block in download_gem'
  /usr/lib/ruby/vendor_ruby/rubygems.rb:962:in `time'
  /var/lib/gems/3.2.0/gems/bundler-4.0.16/lib/bundler/source/rubygems.rb:548:in `download_gem'
  /var/lib/gems/3.2.0/gems/bundler-4.0.16/lib/bundler/source/rubygems.rb:479:in `fetch_gem'
  /var/lib/gems/3.2.0/gems/bundler-4.0.16/lib/bundler/source/rubygems.rb:463:in `fetch_gem_if_possible'
  /var/lib/gems/3.2.0/gems/bundler-4.0.16/lib/bundler/source/rubygems.rb:585:in `rubygems_gem_installer'
  /var/lib/gems/3.2.0/gems/bundler-4.0.16/lib/bundler/source/rubygems.rb:185:in `download'
  /var/lib/gems/3.2.0/gems/bundler-4.0.16/lib/bundler/installer/gem_installer.rb:29:in `download'
  /var/lib/gems/3.2.0/gems/bundler-4.0.16/lib/bundler/installer/parallel_installer.rb:193:in `do_download'
  /var/lib/gems/3.2.0/gems/bundler-4.0.16/lib/bundler/installer/parallel_installer.rb:177:in `block in worker_pool'
  /var/lib/gems/3.2.0/gems/bundler-4.0.16/lib/bundler/worker.rb:70:in `apply_func'
  /var/lib/gems/3.2.0/gems/bundler-4.0.16/lib/bundler/worker.rb:65:in `block in process_queue'
  /var/lib/gems/3.2.0/gems/bundler-4.0.16/lib/bundler/worker.rb:56:in `loop'
  /var/lib/gems/3.2.0/gems/bundler-4.0.16/lib/bundler/worker.rb:56:in `process_queue'
  /var/lib/gems/3.2.0/gems/bundler-4.0.16/lib/bundler/worker.rb:98:in `block (2 levels) in create_threads'

An error occurred while installing logger (1.7.0), and Bundler cannot continue.

In Gemfile:
  github-pages was resolved to 232, which depends on
    jekyll-mentions was resolved to 1.6.0, which depends on
      html-pipeline was resolved to 2.14.3, which depends on
        activesupport was resolved to 8.1.3, which depends on
          logger


Bundler::PermissionError: There was an error while trying to write to `/var/lib/gems/3.2.0/cache/prism-1.9.0.gem`. It is likely that
you need to grant write permissions for that path.
  /var/lib/gems/3.2.0/gems/bundler-4.0.16/lib/bundler/shared_helpers.rb:110:in `rescue in filesystem_access'
  /var/lib/gems/3.2.0/gems/bundler-4.0.16/lib/bundler/shared_helpers.rb:105:in `filesystem_access'
  /var/lib/gems/3.2.0/gems/bundler-4.0.16/lib/bundler/rubygems_integration.rb:392:in `block in download_gem'
  /var/lib/gems/3.2.0/gems/bundler-4.0.16/lib/bundler/retry.rb:48:in `run'
  /var/lib/gems/3.2.0/gems/bundler-4.0.16/lib/bundler/retry.rb:38:in `attempt'
  /var/lib/gems/3.2.0/gems/bundler-4.0.16/lib/bundler/rubygems_integration.rb:384:in `download_gem'
  /var/lib/gems/3.2.0/gems/bundler-4.0.16/lib/bundler/source/rubygems.rb:549:in `block in download_gem'
  /usr/lib/ruby/vendor_ruby/rubygems.rb:962:in `time'
  /var/lib/gems/3.2.0/gems/bundler-4.0.16/lib/bundler/source/rubygems.rb:548:in `download_gem'
  /var/lib/gems/3.2.0/gems/bundler-4.0.16/lib/bundler/source/rubygems.rb:479:in `fetch_gem'
  /var/lib/gems/3.2.0/gems/bundler-4.0.16/lib/bundler/source/rubygems.rb:463:in `fetch_gem_if_possible'
  /var/lib/gems/3.2.0/gems/bundler-4.0.16/lib/bundler/source/rubygems.rb:585:in `rubygems_gem_installer'
  /var/lib/gems/3.2.0/gems/bundler-4.0.16/lib/bundler/source/rubygems.rb:185:in `download'
  /var/lib/gems/3.2.0/gems/bundler-4.0.16/lib/bundler/installer/gem_installer.rb:29:in `download'
  /var/lib/gems/3.2.0/gems/bundler-4.0.16/lib/bundler/installer/parallel_installer.rb:193:in `do_download'
  /var/lib/gems/3.2.0/gems/bundler-4.0.16/lib/bundler/installer/parallel_installer.rb:177:in `block in worker_pool'
  /var/lib/gems/3.2.0/gems/bundler-4.0.16/lib/bundler/worker.rb:70:in `apply_func'
  /var/lib/gems/3.2.0/gems/bundler-4.0.16/lib/bundler/worker.rb:65:in `block in process_queue'
  /var/lib/gems/3.2.0/gems/bundler-4.0.16/lib/bundler/worker.rb:56:in `loop'
  /var/lib/gems/3.2.0/gems/bundler-4.0.16/lib/bundler/worker.rb:56:in `process_queue'
  /var/lib/gems/3.2.0/gems/bundler-4.0.16/lib/bundler/worker.rb:98:in `block (2 levels) in create_threads'

An error occurred while installing prism (1.9.0), and Bundler cannot continue.

In Gemfile:
  github-pages was resolved to 232, which depends on
    jekyll-mentions was resolved to 1.6.0, which depends on
      html-pipeline was resolved to 2.14.3, which depends on
        activesupport was resolved to 8.1.3, which depends on
          minitest was resolved to 6.0.6, which depends on
            prism


Bundler::PermissionError: There was an error while trying to write to `/var/lib/gems/3.2.0/cache/minitest-6.0.6.gem`. It is likely
that you need to grant write permissions for that path.
  /var/lib/gems/3.2.0/gems/bundler-4.0.16/lib/bundler/shared_helpers.rb:110:in `rescue in filesystem_access'
  /var/lib/gems/3.2.0/gems/bundler-4.0.16/lib/bundler/shared_helpers.rb:105:in `filesystem_access'
  /var/lib/gems/3.2.0/gems/bundler-4.0.16/lib/bundler/rubygems_integration.rb:392:in `block in download_gem'
  /var/lib/gems/3.2.0/gems/bundler-4.0.16/lib/bundler/retry.rb:48:in `run'
  /var/lib/gems/3.2.0/gems/bundler-4.0.16/lib/bundler/retry.rb:38:in `attempt'
  /var/lib/gems/3.2.0/gems/bundler-4.0.16/lib/bundler/rubygems_integration.rb:384:in `download_gem'
  /var/lib/gems/3.2.0/gems/bundler-4.0.16/lib/bundler/source/rubygems.rb:549:in `block in download_gem'
  /usr/lib/ruby/vendor_ruby/rubygems.rb:962:in `time'
  /var/lib/gems/3.2.0/gems/bundler-4.0.16/lib/bundler/source/rubygems.rb:548:in `download_gem'
  /var/lib/gems/3.2.0/gems/bundler-4.0.16/lib/bundler/source/rubygems.rb:479:in `fetch_gem'
  /var/lib/gems/3.2.0/gems/bundler-4.0.16/lib/bundler/source/rubygems.rb:463:in `fetch_gem_if_possible'
  /var/lib/gems/3.2.0/gems/bundler-4.0.16/lib/bundler/source/rubygems.rb:585:in `rubygems_gem_installer'
  /var/lib/gems/3.2.0/gems/bundler-4.0.16/lib/bundler/source/rubygems.rb:185:in `download'
  /var/lib/gems/3.2.0/gems/bundler-4.0.16/lib/bundler/installer/gem_installer.rb:29:in `download'
  /var/lib/gems/3.2.0/gems/bundler-4.0.16/lib/bundler/installer/parallel_installer.rb:193:in `do_download'
  /var/lib/gems/3.2.0/gems/bundler-4.0.16/lib/bundler/installer/parallel_installer.rb:177:in `block in worker_pool'
  /var/lib/gems/3.2.0/gems/bundler-4.0.16/lib/bundler/worker.rb:70:in `apply_func'
  /var/lib/gems/3.2.0/gems/bundler-4.0.16/lib/bundler/worker.rb:65:in `block in process_queue'
  /var/lib/gems/3.2.0/gems/bundler-4.0.16/lib/bundler/worker.rb:56:in `loop'
  /var/lib/gems/3.2.0/gems/bundler-4.0.16/lib/bundler/worker.rb:56:in `process_queue'
  /var/lib/gems/3.2.0/gems/bundler-4.0.16/lib/bundler/worker.rb:98:in `block (2 levels) in create_threads'

An error occurred while installing minitest (6.0.6), and Bundler cannot continue.

In Gemfile:
  github-pages was resolved to 232, which depends on
    jekyll-mentions was resolved to 1.6.0, which depends on
      html-pipeline was resolved to 2.14.3, which depends on
        activesupport was resolved to 8.1.3, which depends on
          minitest


Bundler::PermissionError: There was an error while trying to write to `/var/lib/gems/3.2.0/cache/securerandom-0.4.1.gem`. It is
likely that you need to grant write permissions for that path.
  /var/lib/gems/3.2.0/gems/bundler-4.0.16/lib/bundler/shared_helpers.rb:110:in `rescue in filesystem_access'
  /var/lib/gems/3.2.0/gems/bundler-4.0.16/lib/bundler/shared_helpers.rb:105:in `filesystem_access'
  /var/lib/gems/3.2.0/gems/bundler-4.0.16/lib/bundler/rubygems_integration.rb:392:in `block in download_gem'
  /var/lib/gems/3.2.0/gems/bundler-4.0.16/lib/bundler/retry.rb:48:in `run'
  /var/lib/gems/3.2.0/gems/bundler-4.0.16/lib/bundler/retry.rb:38:in `attempt'
  /var/lib/gems/3.2.0/gems/bundler-4.0.16/lib/bundler/rubygems_integration.rb:384:in `download_gem'
  /var/lib/gems/3.2.0/gems/bundler-4.0.16/lib/bundler/source/rubygems.rb:549:in `block in download_gem'
  /usr/lib/ruby/vendor_ruby/rubygems.rb:962:in `time'
  /var/lib/gems/3.2.0/gems/bundler-4.0.16/lib/bundler/source/rubygems.rb:548:in `download_gem'
  /var/lib/gems/3.2.0/gems/bundler-4.0.16/lib/bundler/source/rubygems.rb:479:in `fetch_gem'
  /var/lib/gems/3.2.0/gems/bundler-4.0.16/lib/bundler/source/rubygems.rb:463:in `fetch_gem_if_possible'
  /var/lib/gems/3.2.0/gems/bundler-4.0.16/lib/bundler/source/rubygems.rb:585:in `rubygems_gem_installer'
  /var/lib/gems/3.2.0/gems/bundler-4.0.16/lib/bundler/source/rubygems.rb:185:in `download'
  /var/lib/gems/3.2.0/gems/bundler-4.0.16/lib/bundler/installer/gem_installer.rb:29:in `download'
  /var/lib/gems/3.2.0/gems/bundler-4.0.16/lib/bundler/installer/parallel_installer.rb:193:in `do_download'
  /var/lib/gems/3.2.0/gems/bundler-4.0.16/lib/bundler/installer/parallel_installer.rb:177:in `block in worker_pool'
  /var/lib/gems/3.2.0/gems/bundler-4.0.16/lib/bundler/worker.rb:70:in `apply_func'
  /var/lib/gems/3.2.0/gems/bundler-4.0.16/lib/bundler/worker.rb:65:in `block in process_queue'
  /var/lib/gems/3.2.0/gems/bundler-4.0.16/lib/bundler/worker.rb:56:in `loop'
  /var/lib/gems/3.2.0/gems/bundler-4.0.16/lib/bundler/worker.rb:56:in `process_queue'
  /var/lib/gems/3.2.0/gems/bundler-4.0.16/lib/bundler/worker.rb:98:in `block (2 levels) in create_threads'

An error occurred while installing securerandom (0.4.1), and Bundler cannot continue.

In Gemfile:
  github-pages was resolved to 232, which depends on
    jekyll-mentions was resolved to 1.6.0, which depends on
      html-pipeline was resolved to 2.14.3, which depends on
        activesupport was resolved to 8.1.3, which depends on
          securerandom


Bundler::PermissionError: There was an error while trying to write to `/var/lib/gems/3.2.0/cache/tzinfo-2.0.6.gem`. It is likely that
you need to grant write permissions for that path.
  /var/lib/gems/3.2.0/gems/bundler-4.0.16/lib/bundler/shared_helpers.rb:110:in `rescue in filesystem_access'
  /var/lib/gems/3.2.0/gems/bundler-4.0.16/lib/bundler/shared_helpers.rb:105:in `filesystem_access'
  /var/lib/gems/3.2.0/gems/bundler-4.0.16/lib/bundler/rubygems_integration.rb:392:in `block in download_gem'
  /var/lib/gems/3.2.0/gems/bundler-4.0.16/lib/bundler/retry.rb:48:in `run'
  /var/lib/gems/3.2.0/gems/bundler-4.0.16/lib/bundler/retry.rb:38:in `attempt'
  /var/lib/gems/3.2.0/gems/bundler-4.0.16/lib/bundler/rubygems_integration.rb:384:in `download_gem'
  /var/lib/gems/3.2.0/gems/bundler-4.0.16/lib/bundler/source/rubygems.rb:549:in `block in download_gem'
  /usr/lib/ruby/vendor_ruby/rubygems.rb:962:in `time'
  /var/lib/gems/3.2.0/gems/bundler-4.0.16/lib/bundler/source/rubygems.rb:548:in `download_gem'
  /var/lib/gems/3.2.0/gems/bundler-4.0.16/lib/bundler/source/rubygems.rb:479:in `fetch_gem'
  /var/lib/gems/3.2.0/gems/bundler-4.0.16/lib/bundler/source/rubygems.rb:463:in `fetch_gem_if_possible'
  /var/lib/gems/3.2.0/gems/bundler-4.0.16/lib/bundler/source/rubygems.rb:585:in `rubygems_gem_installer'
  /var/lib/gems/3.2.0/gems/bundler-4.0.16/lib/bundler/source/rubygems.rb:185:in `download'
  /var/lib/gems/3.2.0/gems/bundler-4.0.16/lib/bundler/installer/gem_installer.rb:29:in `download'
  /var/lib/gems/3.2.0/gems/bundler-4.0.16/lib/bundler/installer/parallel_installer.rb:193:in `do_download'
  /var/lib/gems/3.2.0/gems/bundler-4.0.16/lib/bundler/installer/parallel_installer.rb:177:in `block in worker_pool'
  /var/lib/gems/3.2.0/gems/bundler-4.0.16/lib/bundler/worker.rb:70:in `apply_func'
  /var/lib/gems/3.2.0/gems/bundler-4.0.16/lib/bundler/worker.rb:65:in `block in process_queue'
  /var/lib/gems/3.2.0/gems/bundler-4.0.16/lib/bundler/worker.rb:56:in `loop'
  /var/lib/gems/3.2.0/gems/bundler-4.0.16/lib/bundler/worker.rb:56:in `process_queue'
  /var/lib/gems/3.2.0/gems/bundler-4.0.16/lib/bundler/worker.rb:98:in `block (2 levels) in create_threads'

An error occurred while installing tzinfo (2.0.6), and Bundler cannot continue.

In Gemfile:
  github-pages was resolved to 232, which depends on
    jekyll-mentions was resolved to 1.6.0, which depends on
      html-pipeline was resolved to 2.14.3, which depends on
        activesupport was resolved to 8.1.3, which depends on
          tzinfo


Bundler::PermissionError: There was an error while trying to write to `/var/lib/gems/3.2.0/cache/uri-1.1.1.gem`. It is likely that
you need to grant write permissions for that path.
  /var/lib/gems/3.2.0/gems/bundler-4.0.16/lib/bundler/shared_helpers.rb:110:in `rescue in filesystem_access'
  /var/lib/gems/3.2.0/gems/bundler-4.0.16/lib/bundler/shared_helpers.rb:105:in `filesystem_access'
  /var/lib/gems/3.2.0/gems/bundler-4.0.16/lib/bundler/rubygems_integration.rb:392:in `block in download_gem'
  /var/lib/gems/3.2.0/gems/bundler-4.0.16/lib/bundler/retry.rb:48:in `run'
  /var/lib/gems/3.2.0/gems/bundler-4.0.16/lib/bundler/retry.rb:38:in `attempt'
  /var/lib/gems/3.2.0/gems/bundler-4.0.16/lib/bundler/rubygems_integration.rb:384:in `download_gem'
  /var/lib/gems/3.2.0/gems/bundler-4.0.16/lib/bundler/source/rubygems.rb:549:in `block in download_gem'
  /usr/lib/ruby/vendor_ruby/rubygems.rb:962:in `time'
  /var/lib/gems/3.2.0/gems/bundler-4.0.16/lib/bundler/source/rubygems.rb:548:in `download_gem'
  /var/lib/gems/3.2.0/gems/bundler-4.0.16/lib/bundler/source/rubygems.rb:479:in `fetch_gem'
  /var/lib/gems/3.2.0/gems/bundler-4.0.16/lib/bundler/source/rubygems.rb:463:in `fetch_gem_if_possible'
  /var/lib/gems/3.2.0/gems/bundler-4.0.16/lib/bundler/source/rubygems.rb:585:in `rubygems_gem_installer'
  /var/lib/gems/3.2.0/gems/bundler-4.0.16/lib/bundler/source/rubygems.rb:185:in `download'
  /var/lib/gems/3.2.0/gems/bundler-4.0.16/lib/bundler/installer/gem_installer.rb:29:in `download'
  /var/lib/gems/3.2.0/gems/bundler-4.0.16/lib/bundler/installer/parallel_installer.rb:193:in `do_download'
  /var/lib/gems/3.2.0/gems/bundler-4.0.16/lib/bundler/installer/parallel_installer.rb:177:in `block in worker_pool'
  /var/lib/gems/3.2.0/gems/bundler-4.0.16/lib/bundler/worker.rb:70:in `apply_func'
  /var/lib/gems/3.2.0/gems/bundler-4.0.16/lib/bundler/worker.rb:65:in `block in process_queue'
  /var/lib/gems/3.2.0/gems/bundler-4.0.16/lib/bundler/worker.rb:56:in `loop'
  /var/lib/gems/3.2.0/gems/bundler-4.0.16/lib/bundler/worker.rb:56:in `process_queue'
  /var/lib/gems/3.2.0/gems/bundler-4.0.16/lib/bundler/worker.rb:98:in `block (2 levels) in create_threads'

An error occurred while installing uri (1.1.1), and Bundler cannot continue.

In Gemfile:
  github-pages was resolved to 232, which depends on
    jekyll-mentions was resolved to 1.6.0, which depends on
      html-pipeline was resolved to 2.14.3, which depends on
        activesupport was resolved to 8.1.3, which depends on
          uri


Bundler::PermissionError: There was an error while trying to write to `/var/lib/gems/3.2.0/cache/activesupport-8.1.3.gem`. It is
likely that you need to grant write permissions for that path.
  /var/lib/gems/3.2.0/gems/bundler-4.0.16/lib/bundler/shared_helpers.rb:110:in `rescue in filesystem_access'
  /var/lib/gems/3.2.0/gems/bundler-4.0.16/lib/bundler/shared_helpers.rb:105:in `filesystem_access'
  /var/lib/gems/3.2.0/gems/bundler-4.0.16/lib/bundler/rubygems_integration.rb:392:in `block in download_gem'
  /var/lib/gems/3.2.0/gems/bundler-4.0.16/lib/bundler/retry.rb:48:in `run'
  /var/lib/gems/3.2.0/gems/bundler-4.0.16/lib/bundler/retry.rb:38:in `attempt'
  /var/lib/gems/3.2.0/gems/bundler-4.0.16/lib/bundler/rubygems_integration.rb:384:in `download_gem'
  /var/lib/gems/3.2.0/gems/bundler-4.0.16/lib/bundler/source/rubygems.rb:549:in `block in download_gem'
  /usr/lib/ruby/vendor_ruby/rubygems.rb:962:in `time'
  /var/lib/gems/3.2.0/gems/bundler-4.0.16/lib/bundler/source/rubygems.rb:548:in `download_gem'
  /var/lib/gems/3.2.0/gems/bundler-4.0.16/lib/bundler/source/rubygems.rb:479:in `fetch_gem'
  /var/lib/gems/3.2.0/gems/bundler-4.0.16/lib/bundler/source/rubygems.rb:463:in `fetch_gem_if_possible'
  /var/lib/gems/3.2.0/gems/bundler-4.0.16/lib/bundler/source/rubygems.rb:585:in `rubygems_gem_installer'
  /var/lib/gems/3.2.0/gems/bundler-4.0.16/lib/bundler/source/rubygems.rb:185:in `download'
  /var/lib/gems/3.2.0/gems/bundler-4.0.16/lib/bundler/installer/gem_installer.rb:29:in `download'
  /var/lib/gems/3.2.0/gems/bundler-4.0.16/lib/bundler/installer/parallel_installer.rb:193:in `do_download'
  /var/lib/gems/3.2.0/gems/bundler-4.0.16/lib/bundler/installer/parallel_installer.rb:177:in `block in worker_pool'
  /var/lib/gems/3.2.0/gems/bundler-4.0.16/lib/bundler/worker.rb:70:in `apply_func'
  /var/lib/gems/3.2.0/gems/bundler-4.0.16/lib/bundler/worker.rb:65:in `block in process_queue'
  /var/lib/gems/3.2.0/gems/bundler-4.0.16/lib/bundler/worker.rb:56:in `loop'
  /var/lib/gems/3.2.0/gems/bundler-4.0.16/lib/bundler/worker.rb:56:in `process_queue'
  /var/lib/gems/3.2.0/gems/bundler-4.0.16/lib/bundler/worker.rb:98:in `block (2 levels) in create_threads'

An error occurred while installing activesupport (8.1.3), and Bundler cannot continue.

In Gemfile:
  github-pages was resolved to 232, which depends on
    jekyll-mentions was resolved to 1.6.0, which depends on
      html-pipeline was resolved to 2.14.3, which depends on
        activesupport


Bundler::PermissionError: There was an error while trying to write to `/var/lib/gems/3.2.0/cache/public_suffix-5.1.1.gem`. It is
likely that you need to grant write permissions for that path.
  /var/lib/gems/3.2.0/gems/bundler-4.0.16/lib/bundler/shared_helpers.rb:110:in `rescue in filesystem_access'
  /var/lib/gems/3.2.0/gems/bundler-4.0.16/lib/bundler/shared_helpers.rb:105:in `filesystem_access'
  /var/lib/gems/3.2.0/gems/bundler-4.0.16/lib/bundler/rubygems_integration.rb:392:in `block in download_gem'
  /var/lib/gems/3.2.0/gems/bundler-4.0.16/lib/bundler/retry.rb:48:in `run'
  /var/lib/gems/3.2.0/gems/bundler-4.0.16/lib/bundler/retry.rb:38:in `attempt'
  /var/lib/gems/3.2.0/gems/bundler-4.0.16/lib/bundler/rubygems_integration.rb:384:in `download_gem'
  /var/lib/gems/3.2.0/gems/bundler-4.0.16/lib/bundler/source/rubygems.rb:549:in `block in download_gem'
  /usr/lib/ruby/vendor_ruby/rubygems.rb:962:in `time'
  /var/lib/gems/3.2.0/gems/bundler-4.0.16/lib/bundler/source/rubygems.rb:548:in `download_gem'
  /var/lib/gems/3.2.0/gems/bundler-4.0.16/lib/bundler/source/rubygems.rb:479:in `fetch_gem'
  /var/lib/gems/3.2.0/gems/bundler-4.0.16/lib/bundler/source/rubygems.rb:463:in `fetch_gem_if_possible'
  /var/lib/gems/3.2.0/gems/bundler-4.0.16/lib/bundler/source/rubygems.rb:585:in `rubygems_gem_installer'
  /var/lib/gems/3.2.0/gems/bundler-4.0.16/lib/bundler/source/rubygems.rb:185:in `download'
  /var/lib/gems/3.2.0/gems/bundler-4.0.16/lib/bundler/installer/gem_installer.rb:29:in `download'
  /var/lib/gems/3.2.0/gems/bundler-4.0.16/lib/bundler/installer/parallel_installer.rb:193:in `do_download'
  /var/lib/gems/3.2.0/gems/bundler-4.0.16/lib/bundler/installer/parallel_installer.rb:177:in `block in worker_pool'
  /var/lib/gems/3.2.0/gems/bundler-4.0.16/lib/bundler/worker.rb:70:in `apply_func'
  /var/lib/gems/3.2.0/gems/bundler-4.0.16/lib/bundler/worker.rb:65:in `block in process_queue'
  /var/lib/gems/3.2.0/gems/bundler-4.0.16/lib/bundler/worker.rb:56:in `loop'
  /var/lib/gems/3.2.0/gems/bundler-4.0.16/lib/bundler/worker.rb:56:in `process_queue'
  /var/lib/gems/3.2.0/gems/bundler-4.0.16/lib/bundler/worker.rb:98:in `block (2 levels) in create_threads'

An error occurred while installing public_suffix (5.1.1), and Bundler cannot continue.

In Gemfile:
  github-pages was resolved to 232, which depends on
    github-pages-health-check was resolved to 1.18.2, which depends on
      octokit was resolved to 4.25.1, which depends on
        sawyer was resolved to 0.9.3, which depends on
          addressable was resolved to 2.9.0, which depends on
            public_suffix


Bundler::PermissionError: There was an error while trying to write to `/var/lib/gems/3.2.0/cache/coffee-script-source-1.12.2.gem`. It
is likely that you need to grant write permissions for that path.
  /var/lib/gems/3.2.0/gems/bundler-4.0.16/lib/bundler/shared_helpers.rb:110:in `rescue in filesystem_access'
  /var/lib/gems/3.2.0/gems/bundler-4.0.16/lib/bundler/shared_helpers.rb:105:in `filesystem_access'
  /var/lib/gems/3.2.0/gems/bundler-4.0.16/lib/bundler/rubygems_integration.rb:392:in `block in download_gem'
  /var/lib/gems/3.2.0/gems/bundler-4.0.16/lib/bundler/retry.rb:48:in `run'
  /var/lib/gems/3.2.0/gems/bundler-4.0.16/lib/bundler/retry.rb:38:in `attempt'
  /var/lib/gems/3.2.0/gems/bundler-4.0.16/lib/bundler/rubygems_integration.rb:384:in `download_gem'
  /var/lib/gems/3.2.0/gems/bundler-4.0.16/lib/bundler/source/rubygems.rb:549:in `block in download_gem'
  /usr/lib/ruby/vendor_ruby/rubygems.rb:962:in `time'
  /var/lib/gems/3.2.0/gems/bundler-4.0.16/lib/bundler/source/rubygems.rb:548:in `download_gem'
  /var/lib/gems/3.2.0/gems/bundler-4.0.16/lib/bundler/source/rubygems.rb:479:in `fetch_gem'
  /var/lib/gems/3.2.0/gems/bundler-4.0.16/lib/bundler/source/rubygems.rb:463:in `fetch_gem_if_possible'
  /var/lib/gems/3.2.0/gems/bundler-4.0.16/lib/bundler/source/rubygems.rb:585:in `rubygems_gem_installer'
  /var/lib/gems/3.2.0/gems/bundler-4.0.16/lib/bundler/source/rubygems.rb:185:in `download'
  /var/lib/gems/3.2.0/gems/bundler-4.0.16/lib/bundler/installer/gem_installer.rb:29:in `download'
  /var/lib/gems/3.2.0/gems/bundler-4.0.16/lib/bundler/installer/parallel_installer.rb:193:in `do_download'
  /var/lib/gems/3.2.0/gems/bundler-4.0.16/lib/bundler/installer/parallel_installer.rb:177:in `block in worker_pool'
  /var/lib/gems/3.2.0/gems/bundler-4.0.16/lib/bundler/worker.rb:70:in `apply_func'
  /var/lib/gems/3.2.0/gems/bundler-4.0.16/lib/bundler/worker.rb:65:in `block in process_queue'
  /var/lib/gems/3.2.0/gems/bundler-4.0.16/lib/bundler/worker.rb:56:in `loop'
  /var/lib/gems/3.2.0/gems/bundler-4.0.16/lib/bundler/worker.rb:56:in `process_queue'
  /var/lib/gems/3.2.0/gems/bundler-4.0.16/lib/bundler/worker.rb:98:in `block (2 levels) in create_threads'

An error occurred while installing coffee-script-source (1.12.2), and Bundler cannot continue.

In Gemfile:
  github-pages was resolved to 232, which depends on
    jekyll-coffeescript was resolved to 1.2.2, which depends on
      coffee-script was resolved to 2.4.1, which depends on
        coffee-script-source


Bundler::PermissionError: There was an error while trying to write to `/var/lib/gems/3.2.0/cache/execjs-2.10.1.gem`. It is likely
that you need to grant write permissions for that path.
  /var/lib/gems/3.2.0/gems/bundler-4.0.16/lib/bundler/shared_helpers.rb:110:in `rescue in filesystem_access'
  /var/lib/gems/3.2.0/gems/bundler-4.0.16/lib/bundler/shared_helpers.rb:105:in `filesystem_access'
  /var/lib/gems/3.2.0/gems/bundler-4.0.16/lib/bundler/rubygems_integration.rb:392:in `block in download_gem'
  /var/lib/gems/3.2.0/gems/bundler-4.0.16/lib/bundler/retry.rb:48:in `run'
  /var/lib/gems/3.2.0/gems/bundler-4.0.16/lib/bundler/retry.rb:38:in `attempt'
  /var/lib/gems/3.2.0/gems/bundler-4.0.16/lib/bundler/rubygems_integration.rb:384:in `download_gem'
  /var/lib/gems/3.2.0/gems/bundler-4.0.16/lib/bundler/source/rubygems.rb:549:in `block in download_gem'
  /usr/lib/ruby/vendor_ruby/rubygems.rb:962:in `time'
  /var/lib/gems/3.2.0/gems/bundler-4.0.16/lib/bundler/source/rubygems.rb:548:in `download_gem'
  /var/lib/gems/3.2.0/gems/bundler-4.0.16/lib/bundler/source/rubygems.rb:479:in `fetch_gem'
  /var/lib/gems/3.2.0/gems/bundler-4.0.16/lib/bundler/source/rubygems.rb:463:in `fetch_gem_if_possible'
  /var/lib/gems/3.2.0/gems/bundler-4.0.16/lib/bundler/source/rubygems.rb:585:in `rubygems_gem_installer'
  /var/lib/gems/3.2.0/gems/bundler-4.0.16/lib/bundler/source/rubygems.rb:185:in `download'
  /var/lib/gems/3.2.0/gems/bundler-4.0.16/lib/bundler/installer/gem_installer.rb:29:in `download'
  /var/lib/gems/3.2.0/gems/bundler-4.0.16/lib/bundler/installer/parallel_installer.rb:193:in `do_download'
  /var/lib/gems/3.2.0/gems/bundler-4.0.16/lib/bundler/installer/parallel_installer.rb:177:in `block in worker_pool'
  /var/lib/gems/3.2.0/gems/bundler-4.0.16/lib/bundler/worker.rb:70:in `apply_func'
  /var/lib/gems/3.2.0/gems/bundler-4.0.16/lib/bundler/worker.rb:65:in `block in process_queue'
  /var/lib/gems/3.2.0/gems/bundler-4.0.16/lib/bundler/worker.rb:56:in `loop'
  /var/lib/gems/3.2.0/gems/bundler-4.0.16/lib/bundler/worker.rb:56:in `process_queue'
  /var/lib/gems/3.2.0/gems/bundler-4.0.16/lib/bundler/worker.rb:98:in `block (2 levels) in create_threads'

An error occurred while installing execjs (2.10.1), and Bundler cannot continue.

In Gemfile:
  github-pages was resolved to 232, which depends on
    jekyll-coffeescript was resolved to 1.2.2, which depends on
      coffee-script was resolved to 2.4.1, which depends on
        execjs


Bundler::PermissionError: There was an error while trying to write to `/var/lib/gems/3.2.0/cache/coffee-script-2.4.1.gem`. It is
likely that you need to grant write permissions for that path.
  /var/lib/gems/3.2.0/gems/bundler-4.0.16/lib/bundler/shared_helpers.rb:110:in `rescue in filesystem_access'
  /var/lib/gems/3.2.0/gems/bundler-4.0.16/lib/bundler/shared_helpers.rb:105:in `filesystem_access'
  /var/lib/gems/3.2.0/gems/bundler-4.0.16/lib/bundler/rubygems_integration.rb:392:in `block in download_gem'
  /var/lib/gems/3.2.0/gems/bundler-4.0.16/lib/bundler/retry.rb:48:in `run'
  /var/lib/gems/3.2.0/gems/bundler-4.0.16/lib/bundler/retry.rb:38:in `attempt'
  /var/lib/gems/3.2.0/gems/bundler-4.0.16/lib/bundler/rubygems_integration.rb:384:in `download_gem'
  /var/lib/gems/3.2.0/gems/bundler-4.0.16/lib/bundler/source/rubygems.rb:549:in `block in download_gem'
  /usr/lib/ruby/vendor_ruby/rubygems.rb:962:in `time'
  /var/lib/gems/3.2.0/gems/bundler-4.0.16/lib/bundler/source/rubygems.rb:548:in `download_gem'
  /var/lib/gems/3.2.0/gems/bundler-4.0.16/lib/bundler/source/rubygems.rb:479:in `fetch_gem'
  /var/lib/gems/3.2.0/gems/bundler-4.0.16/lib/bundler/source/rubygems.rb:463:in `fetch_gem_if_possible'
  /var/lib/gems/3.2.0/gems/bundler-4.0.16/lib/bundler/source/rubygems.rb:585:in `rubygems_gem_installer'
  /var/lib/gems/3.2.0/gems/bundler-4.0.16/lib/bundler/source/rubygems.rb:185:in `download'
  /var/lib/gems/3.2.0/gems/bundler-4.0.16/lib/bundler/installer/gem_installer.rb:29:in `download'
  /var/lib/gems/3.2.0/gems/bundler-4.0.16/lib/bundler/installer/parallel_installer.rb:193:in `do_download'
  /var/lib/gems/3.2.0/gems/bundler-4.0.16/lib/bundler/installer/parallel_installer.rb:177:in `block in worker_pool'
  /var/lib/gems/3.2.0/gems/bundler-4.0.16/lib/bundler/worker.rb:70:in `apply_func'
  /var/lib/gems/3.2.0/gems/bundler-4.0.16/lib/bundler/worker.rb:65:in `block in process_queue'
  /var/lib/gems/3.2.0/gems/bundler-4.0.16/lib/bundler/worker.rb:56:in `loop'
  /var/lib/gems/3.2.0/gems/bundler-4.0.16/lib/bundler/worker.rb:56:in `process_queue'
  /var/lib/gems/3.2.0/gems/bundler-4.0.16/lib/bundler/worker.rb:98:in `block (2 levels) in create_threads'

An error occurred while installing coffee-script (2.4.1), and Bundler cannot continue.

In Gemfile:
  github-pages was resolved to 232, which depends on
    jekyll-coffeescript was resolved to 1.2.2, which depends on
      coffee-script


Bundler::PermissionError: There was an error while trying to write to `/var/lib/gems/3.2.0/cache/commonmarker-0.23.12.gem`. It is
likely that you need to grant write permissions for that path.
  /var/lib/gems/3.2.0/gems/bundler-4.0.16/lib/bundler/shared_helpers.rb:110:in `rescue in filesystem_access'
  /var/lib/gems/3.2.0/gems/bundler-4.0.16/lib/bundler/shared_helpers.rb:105:in `filesystem_access'
  /var/lib/gems/3.2.0/gems/bundler-4.0.16/lib/bundler/rubygems_integration.rb:392:in `block in download_gem'
  /var/lib/gems/3.2.0/gems/bundler-4.0.16/lib/bundler/retry.rb:48:in `run'
  /var/lib/gems/3.2.0/gems/bundler-4.0.16/lib/bundler/retry.rb:38:in `attempt'
  /var/lib/gems/3.2.0/gems/bundler-4.0.16/lib/bundler/rubygems_integration.rb:384:in `download_gem'
  /var/lib/gems/3.2.0/gems/bundler-4.0.16/lib/bundler/source/rubygems.rb:549:in `block in download_gem'
  /usr/lib/ruby/vendor_ruby/rubygems.rb:962:in `time'
  /var/lib/gems/3.2.0/gems/bundler-4.0.16/lib/bundler/source/rubygems.rb:548:in `download_gem'
  /var/lib/gems/3.2.0/gems/bundler-4.0.16/lib/bundler/source/rubygems.rb:479:in `fetch_gem'
  /var/lib/gems/3.2.0/gems/bundler-4.0.16/lib/bundler/source/rubygems.rb:463:in `fetch_gem_if_possible'
  /var/lib/gems/3.2.0/gems/bundler-4.0.16/lib/bundler/source/rubygems.rb:585:in `rubygems_gem_installer'
  /var/lib/gems/3.2.0/gems/bundler-4.0.16/lib/bundler/source/rubygems.rb:185:in `download'
  /var/lib/gems/3.2.0/gems/bundler-4.0.16/lib/bundler/installer/gem_installer.rb:29:in `download'
  /var/lib/gems/3.2.0/gems/bundler-4.0.16/lib/bundler/installer/parallel_installer.rb:193:in `do_download'
  /var/lib/gems/3.2.0/gems/bundler-4.0.16/lib/bundler/installer/parallel_installer.rb:177:in `block in worker_pool'
  /var/lib/gems/3.2.0/gems/bundler-4.0.16/lib/bundler/worker.rb:70:in `apply_func'
  /var/lib/gems/3.2.0/gems/bundler-4.0.16/lib/bundler/worker.rb:65:in `block in process_queue'
  /var/lib/gems/3.2.0/gems/bundler-4.0.16/lib/bundler/worker.rb:56:in `loop'
  /var/lib/gems/3.2.0/gems/bundler-4.0.16/lib/bundler/worker.rb:56:in `process_queue'
  /var/lib/gems/3.2.0/gems/bundler-4.0.16/lib/bundler/worker.rb:98:in `block (2 levels) in create_threads'

An error occurred while installing commonmarker (0.23.12), and Bundler cannot continue.

In Gemfile:
  github-pages was resolved to 232, which depends on
    jekyll-commonmark-ghpages was resolved to 0.5.1, which depends on
      jekyll-commonmark was resolved to 1.4.0, which depends on
        commonmarker


Bundler::PermissionError: There was an error while trying to write to `/var/lib/gems/3.2.0/cache/csv-3.3.5.gem`. It is likely that
you need to grant write permissions for that path.
  /var/lib/gems/3.2.0/gems/bundler-4.0.16/lib/bundler/shared_helpers.rb:110:in `rescue in filesystem_access'
  /var/lib/gems/3.2.0/gems/bundler-4.0.16/lib/bundler/shared_helpers.rb:105:in `filesystem_access'
  /var/lib/gems/3.2.0/gems/bundler-4.0.16/lib/bundler/rubygems_integration.rb:392:in `block in download_gem'
  /var/lib/gems/3.2.0/gems/bundler-4.0.16/lib/bundler/retry.rb:48:in `run'
  /var/lib/gems/3.2.0/gems/bundler-4.0.16/lib/bundler/retry.rb:38:in `attempt'
  /var/lib/gems/3.2.0/gems/bundler-4.0.16/lib/bundler/rubygems_integration.rb:384:in `download_gem'
  /var/lib/gems/3.2.0/gems/bundler-4.0.16/lib/bundler/source/rubygems.rb:549:in `block in download_gem'
  /usr/lib/ruby/vendor_ruby/rubygems.rb:962:in `time'
  /var/lib/gems/3.2.0/gems/bundler-4.0.16/lib/bundler/source/rubygems.rb:548:in `download_gem'
  /var/lib/gems/3.2.0/gems/bundler-4.0.16/lib/bundler/source/rubygems.rb:479:in `fetch_gem'
  /var/lib/gems/3.2.0/gems/bundler-4.0.16/lib/bundler/source/rubygems.rb:463:in `fetch_gem_if_possible'
  /var/lib/gems/3.2.0/gems/bundler-4.0.16/lib/bundler/source/rubygems.rb:585:in `rubygems_gem_installer'
  /var/lib/gems/3.2.0/gems/bundler-4.0.16/lib/bundler/source/rubygems.rb:185:in `download'
  /var/lib/gems/3.2.0/gems/bundler-4.0.16/lib/bundler/installer/gem_installer.rb:29:in `download'
  /var/lib/gems/3.2.0/gems/bundler-4.0.16/lib/bundler/installer/parallel_installer.rb:193:in `do_download'
  /var/lib/gems/3.2.0/gems/bundler-4.0.16/lib/bundler/installer/parallel_installer.rb:177:in `block in worker_pool'
  /var/lib/gems/3.2.0/gems/bundler-4.0.16/lib/bundler/worker.rb:70:in `apply_func'
  /var/lib/gems/3.2.0/gems/bundler-4.0.16/lib/bundler/worker.rb:65:in `block in process_queue'
  /var/lib/gems/3.2.0/gems/bundler-4.0.16/lib/bundler/worker.rb:56:in `loop'
  /var/lib/gems/3.2.0/gems/bundler-4.0.16/lib/bundler/worker.rb:56:in `process_queue'
  /var/lib/gems/3.2.0/gems/bundler-4.0.16/lib/bundler/worker.rb:98:in `block (2 levels) in create_threads'

An error occurred while installing csv (3.3.5), and Bundler cannot continue.

In Gemfile:
  github-pages was resolved to 232, which depends on
    jekyll-avatar was resolved to 0.8.0, which depends on
      jekyll was resolved to 3.10.0, which depends on
        csv


Bundler::PermissionError: There was an error while trying to write to `/var/lib/gems/3.2.0/cache/simpleidn-0.2.3.gem`. It is likely
that you need to grant write permissions for that path.
  /var/lib/gems/3.2.0/gems/bundler-4.0.16/lib/bundler/shared_helpers.rb:110:in `rescue in filesystem_access'
  /var/lib/gems/3.2.0/gems/bundler-4.0.16/lib/bundler/shared_helpers.rb:105:in `filesystem_access'
  /var/lib/gems/3.2.0/gems/bundler-4.0.16/lib/bundler/rubygems_integration.rb:392:in `block in download_gem'
  /var/lib/gems/3.2.0/gems/bundler-4.0.16/lib/bundler/retry.rb:48:in `run'
  /var/lib/gems/3.2.0/gems/bundler-4.0.16/lib/bundler/retry.rb:38:in `attempt'
  /var/lib/gems/3.2.0/gems/bundler-4.0.16/lib/bundler/rubygems_integration.rb:384:in `download_gem'
  /var/lib/gems/3.2.0/gems/bundler-4.0.16/lib/bundler/source/rubygems.rb:549:in `block in download_gem'
  /usr/lib/ruby/vendor_ruby/rubygems.rb:962:in `time'
  /var/lib/gems/3.2.0/gems/bundler-4.0.16/lib/bundler/source/rubygems.rb:548:in `download_gem'
  /var/lib/gems/3.2.0/gems/bundler-4.0.16/lib/bundler/source/rubygems.rb:479:in `fetch_gem'
  /var/lib/gems/3.2.0/gems/bundler-4.0.16/lib/bundler/source/rubygems.rb:463:in `fetch_gem_if_possible'
  /var/lib/gems/3.2.0/gems/bundler-4.0.16/lib/bundler/source/rubygems.rb:585:in `rubygems_gem_installer'
  /var/lib/gems/3.2.0/gems/bundler-4.0.16/lib/bundler/source/rubygems.rb:185:in `download'
  /var/lib/gems/3.2.0/gems/bundler-4.0.16/lib/bundler/installer/gem_installer.rb:29:in `download'
  /var/lib/gems/3.2.0/gems/bundler-4.0.16/lib/bundler/installer/parallel_installer.rb:193:in `do_download'
  /var/lib/gems/3.2.0/gems/bundler-4.0.16/lib/bundler/installer/parallel_installer.rb:177:in `block in worker_pool'
  /var/lib/gems/3.2.0/gems/bundler-4.0.16/lib/bundler/worker.rb:70:in `apply_func'
  /var/lib/gems/3.2.0/gems/bundler-4.0.16/lib/bundler/worker.rb:65:in `block in process_queue'
  /var/lib/gems/3.2.0/gems/bundler-4.0.16/lib/bundler/worker.rb:56:in `loop'
  /var/lib/gems/3.2.0/gems/bundler-4.0.16/lib/bundler/worker.rb:56:in `process_queue'
  /var/lib/gems/3.2.0/gems/bundler-4.0.16/lib/bundler/worker.rb:98:in `block (2 levels) in create_threads'

An error occurred while installing simpleidn (0.2.3), and Bundler cannot continue.

In Gemfile:
  github-pages was resolved to 232, which depends on
    github-pages-health-check was resolved to 1.18.2, which depends on
      dnsruby was resolved to 1.73.1, which depends on
        simpleidn


Bundler::PermissionError: There was an error while trying to write to `/var/lib/gems/3.2.0/cache/dnsruby-1.73.1.gem`. It is likely
that you need to grant write permissions for that path.
  /var/lib/gems/3.2.0/gems/bundler-4.0.16/lib/bundler/shared_helpers.rb:110:in `rescue in filesystem_access'
  /var/lib/gems/3.2.0/gems/bundler-4.0.16/lib/bundler/shared_helpers.rb:105:in `filesystem_access'
  /var/lib/gems/3.2.0/gems/bundler-4.0.16/lib/bundler/rubygems_integration.rb:392:in `block in download_gem'
  /var/lib/gems/3.2.0/gems/bundler-4.0.16/lib/bundler/retry.rb:48:in `run'
  /var/lib/gems/3.2.0/gems/bundler-4.0.16/lib/bundler/retry.rb:38:in `attempt'
  /var/lib/gems/3.2.0/gems/bundler-4.0.16/lib/bundler/rubygems_integration.rb:384:in `download_gem'
  /var/lib/gems/3.2.0/gems/bundler-4.0.16/lib/bundler/source/rubygems.rb:549:in `block in download_gem'
  /usr/lib/ruby/vendor_ruby/rubygems.rb:962:in `time'
  /var/lib/gems/3.2.0/gems/bundler-4.0.16/lib/bundler/source/rubygems.rb:548:in `download_gem'
  /var/lib/gems/3.2.0/gems/bundler-4.0.16/lib/bundler/source/rubygems.rb:479:in `fetch_gem'
  /var/lib/gems/3.2.0/gems/bundler-4.0.16/lib/bundler/source/rubygems.rb:463:in `fetch_gem_if_possible'
  /var/lib/gems/3.2.0/gems/bundler-4.0.16/lib/bundler/source/rubygems.rb:585:in `rubygems_gem_installer'
  /var/lib/gems/3.2.0/gems/bundler-4.0.16/lib/bundler/source/rubygems.rb:185:in `download'
  /var/lib/gems/3.2.0/gems/bundler-4.0.16/lib/bundler/installer/gem_installer.rb:29:in `download'
  /var/lib/gems/3.2.0/gems/bundler-4.0.16/lib/bundler/installer/parallel_installer.rb:193:in `do_download'
  /var/lib/gems/3.2.0/gems/bundler-4.0.16/lib/bundler/installer/parallel_installer.rb:177:in `block in worker_pool'
  /var/lib/gems/3.2.0/gems/bundler-4.0.16/lib/bundler/worker.rb:70:in `apply_func'
  /var/lib/gems/3.2.0/gems/bundler-4.0.16/lib/bundler/worker.rb:65:in `block in process_queue'
  /var/lib/gems/3.2.0/gems/bundler-4.0.16/lib/bundler/worker.rb:56:in `loop'
  /var/lib/gems/3.2.0/gems/bundler-4.0.16/lib/bundler/worker.rb:56:in `process_queue'
  /var/lib/gems/3.2.0/gems/bundler-4.0.16/lib/bundler/worker.rb:98:in `block (2 levels) in create_threads'

An error occurred while installing dnsruby (1.73.1), and Bundler cannot continue.

In Gemfile:
  github-pages was resolved to 232, which depends on
    github-pages-health-check was resolved to 1.18.2, which depends on
      dnsruby


Bundler::PermissionError: There was an error while trying to write to `/var/lib/gems/3.2.0/cache/ethon-0.18.0.gem`. It is likely that
you need to grant write permissions for that path.
  /var/lib/gems/3.2.0/gems/bundler-4.0.16/lib/bundler/shared_helpers.rb:110:in `rescue in filesystem_access'
  /var/lib/gems/3.2.0/gems/bundler-4.0.16/lib/bundler/shared_helpers.rb:105:in `filesystem_access'
  /var/lib/gems/3.2.0/gems/bundler-4.0.16/lib/bundler/rubygems_integration.rb:392:in `block in download_gem'
  /var/lib/gems/3.2.0/gems/bundler-4.0.16/lib/bundler/retry.rb:48:in `run'
  /var/lib/gems/3.2.0/gems/bundler-4.0.16/lib/bundler/retry.rb:38:in `attempt'
  /var/lib/gems/3.2.0/gems/bundler-4.0.16/lib/bundler/rubygems_integration.rb:384:in `download_gem'
  /var/lib/gems/3.2.0/gems/bundler-4.0.16/lib/bundler/source/rubygems.rb:549:in `block in download_gem'
  /usr/lib/ruby/vendor_ruby/rubygems.rb:962:in `time'
  /var/lib/gems/3.2.0/gems/bundler-4.0.16/lib/bundler/source/rubygems.rb:548:in `download_gem'
  /var/lib/gems/3.2.0/gems/bundler-4.0.16/lib/bundler/source/rubygems.rb:479:in `fetch_gem'
  /var/lib/gems/3.2.0/gems/bundler-4.0.16/lib/bundler/source/rubygems.rb:463:in `fetch_gem_if_possible'
  /var/lib/gems/3.2.0/gems/bundler-4.0.16/lib/bundler/source/rubygems.rb:585:in `rubygems_gem_installer'
  /var/lib/gems/3.2.0/gems/bundler-4.0.16/lib/bundler/source/rubygems.rb:185:in `download'
  /var/lib/gems/3.2.0/gems/bundler-4.0.16/lib/bundler/installer/gem_installer.rb:29:in `download'
  /var/lib/gems/3.2.0/gems/bundler-4.0.16/lib/bundler/installer/parallel_installer.rb:193:in `do_download'
  /var/lib/gems/3.2.0/gems/bundler-4.0.16/lib/bundler/installer/parallel_installer.rb:177:in `block in worker_pool'
  /var/lib/gems/3.2.0/gems/bundler-4.0.16/lib/bundler/worker.rb:70:in `apply_func'
  /var/lib/gems/3.2.0/gems/bundler-4.0.16/lib/bundler/worker.rb:65:in `block in process_queue'
  /var/lib/gems/3.2.0/gems/bundler-4.0.16/lib/bundler/worker.rb:56:in `loop'
  /var/lib/gems/3.2.0/gems/bundler-4.0.16/lib/bundler/worker.rb:56:in `process_queue'
  /var/lib/gems/3.2.0/gems/bundler-4.0.16/lib/bundler/worker.rb:98:in `block (2 levels) in create_threads'

An error occurred while installing ethon (0.18.0), and Bundler cannot continue.

In Gemfile:
  github-pages was resolved to 232, which depends on
    github-pages-health-check was resolved to 1.18.2, which depends on
      typhoeus was resolved to 1.6.0, which depends on
        ethon


Bundler::PermissionError: There was an error while trying to write to `/var/lib/gems/3.2.0/cache/net-http-0.9.1.gem`. It is likely
that you need to grant write permissions for that path.
  /var/lib/gems/3.2.0/gems/bundler-4.0.16/lib/bundler/shared_helpers.rb:110:in `rescue in filesystem_access'
  /var/lib/gems/3.2.0/gems/bundler-4.0.16/lib/bundler/shared_helpers.rb:105:in `filesystem_access'
  /var/lib/gems/3.2.0/gems/bundler-4.0.16/lib/bundler/rubygems_integration.rb:392:in `block in download_gem'
  /var/lib/gems/3.2.0/gems/bundler-4.0.16/lib/bundler/retry.rb:48:in `run'
  /var/lib/gems/3.2.0/gems/bundler-4.0.16/lib/bundler/retry.rb:38:in `attempt'
  /var/lib/gems/3.2.0/gems/bundler-4.0.16/lib/bundler/rubygems_integration.rb:384:in `download_gem'
  /var/lib/gems/3.2.0/gems/bundler-4.0.16/lib/bundler/source/rubygems.rb:549:in `block in download_gem'
  /usr/lib/ruby/vendor_ruby/rubygems.rb:962:in `time'
  /var/lib/gems/3.2.0/gems/bundler-4.0.16/lib/bundler/source/rubygems.rb:548:in `download_gem'
  /var/lib/gems/3.2.0/gems/bundler-4.0.16/lib/bundler/source/rubygems.rb:479:in `fetch_gem'
  /var/lib/gems/3.2.0/gems/bundler-4.0.16/lib/bundler/source/rubygems.rb:463:in `fetch_gem_if_possible'
  /var/lib/gems/3.2.0/gems/bundler-4.0.16/lib/bundler/source/rubygems.rb:585:in `rubygems_gem_installer'
  /var/lib/gems/3.2.0/gems/bundler-4.0.16/lib/bundler/source/rubygems.rb:185:in `download'
  /var/lib/gems/3.2.0/gems/bundler-4.0.16/lib/bundler/installer/gem_installer.rb:29:in `download'
  /var/lib/gems/3.2.0/gems/bundler-4.0.16/lib/bundler/installer/parallel_installer.rb:193:in `do_download'
  /var/lib/gems/3.2.0/gems/bundler-4.0.16/lib/bundler/installer/parallel_installer.rb:177:in `block in worker_pool'
  /var/lib/gems/3.2.0/gems/bundler-4.0.16/lib/bundler/worker.rb:70:in `apply_func'
  /var/lib/gems/3.2.0/gems/bundler-4.0.16/lib/bundler/worker.rb:65:in `block in process_queue'
  /var/lib/gems/3.2.0/gems/bundler-4.0.16/lib/bundler/worker.rb:56:in `loop'
  /var/lib/gems/3.2.0/gems/bundler-4.0.16/lib/bundler/worker.rb:56:in `process_queue'
  /var/lib/gems/3.2.0/gems/bundler-4.0.16/lib/bundler/worker.rb:98:in `block (2 levels) in create_threads'

An error occurred while installing net-http (0.9.1), and Bundler cannot continue.

In Gemfile:
  github-pages was resolved to 232, which depends on
    github-pages-health-check was resolved to 1.18.2, which depends on
      octokit was resolved to 4.25.1, which depends on
        sawyer was resolved to 0.9.3, which depends on
          faraday was resolved to 2.14.3, which depends on
            faraday-net_http was resolved to 3.4.4, which depends on
              net-http


Bundler::PermissionError: There was an error while trying to write to `/var/lib/gems/3.2.0/cache/faraday-net_http-3.4.4.gem`. It is
likely that you need to grant write permissions for that path.
  /var/lib/gems/3.2.0/gems/bundler-4.0.16/lib/bundler/shared_helpers.rb:110:in `rescue in filesystem_access'
  /var/lib/gems/3.2.0/gems/bundler-4.0.16/lib/bundler/shared_helpers.rb:105:in `filesystem_access'
  /var/lib/gems/3.2.0/gems/bundler-4.0.16/lib/bundler/rubygems_integration.rb:392:in `block in download_gem'
  /var/lib/gems/3.2.0/gems/bundler-4.0.16/lib/bundler/retry.rb:48:in `run'
  /var/lib/gems/3.2.0/gems/bundler-4.0.16/lib/bundler/retry.rb:38:in `attempt'
  /var/lib/gems/3.2.0/gems/bundler-4.0.16/lib/bundler/rubygems_integration.rb:384:in `download_gem'
  /var/lib/gems/3.2.0/gems/bundler-4.0.16/lib/bundler/source/rubygems.rb:549:in `block in download_gem'
  /usr/lib/ruby/vendor_ruby/rubygems.rb:962:in `time'
  /var/lib/gems/3.2.0/gems/bundler-4.0.16/lib/bundler/source/rubygems.rb:548:in `download_gem'
  /var/lib/gems/3.2.0/gems/bundler-4.0.16/lib/bundler/source/rubygems.rb:479:in `fetch_gem'
  /var/lib/gems/3.2.0/gems/bundler-4.0.16/lib/bundler/source/rubygems.rb:463:in `fetch_gem_if_possible'
  /var/lib/gems/3.2.0/gems/bundler-4.0.16/lib/bundler/source/rubygems.rb:585:in `rubygems_gem_installer'
  /var/lib/gems/3.2.0/gems/bundler-4.0.16/lib/bundler/source/rubygems.rb:185:in `download'
  /var/lib/gems/3.2.0/gems/bundler-4.0.16/lib/bundler/installer/gem_installer.rb:29:in `download'
  /var/lib/gems/3.2.0/gems/bundler-4.0.16/lib/bundler/installer/parallel_installer.rb:193:in `do_download'
  /var/lib/gems/3.2.0/gems/bundler-4.0.16/lib/bundler/installer/parallel_installer.rb:177:in `block in worker_pool'
  /var/lib/gems/3.2.0/gems/bundler-4.0.16/lib/bundler/worker.rb:70:in `apply_func'
  /var/lib/gems/3.2.0/gems/bundler-4.0.16/lib/bundler/worker.rb:65:in `block in process_queue'
  /var/lib/gems/3.2.0/gems/bundler-4.0.16/lib/bundler/worker.rb:56:in `loop'
  /var/lib/gems/3.2.0/gems/bundler-4.0.16/lib/bundler/worker.rb:56:in `process_queue'
  /var/lib/gems/3.2.0/gems/bundler-4.0.16/lib/bundler/worker.rb:98:in `block (2 levels) in create_threads'

An error occurred while installing faraday-net_http (3.4.4), and Bundler cannot continue.

In Gemfile:
  github-pages was resolved to 232, which depends on
    github-pages-health-check was resolved to 1.18.2, which depends on
      octokit was resolved to 4.25.1, which depends on
        sawyer was resolved to 0.9.3, which depends on
          faraday was resolved to 2.14.3, which depends on
            faraday-net_http


Bundler::PermissionError: There was an error while trying to write to `/var/lib/gems/3.2.0/cache/faraday-2.14.3.gem`. It is likely
that you need to grant write permissions for that path.
  /var/lib/gems/3.2.0/gems/bundler-4.0.16/lib/bundler/shared_helpers.rb:110:in `rescue in filesystem_access'
  /var/lib/gems/3.2.0/gems/bundler-4.0.16/lib/bundler/shared_helpers.rb:105:in `filesystem_access'
  /var/lib/gems/3.2.0/gems/bundler-4.0.16/lib/bundler/rubygems_integration.rb:392:in `block in download_gem'
  /var/lib/gems/3.2.0/gems/bundler-4.0.16/lib/bundler/retry.rb:48:in `run'
  /var/lib/gems/3.2.0/gems/bundler-4.0.16/lib/bundler/retry.rb:38:in `attempt'
  /var/lib/gems/3.2.0/gems/bundler-4.0.16/lib/bundler/rubygems_integration.rb:384:in `download_gem'
  /var/lib/gems/3.2.0/gems/bundler-4.0.16/lib/bundler/source/rubygems.rb:549:in `block in download_gem'
  /usr/lib/ruby/vendor_ruby/rubygems.rb:962:in `time'
  /var/lib/gems/3.2.0/gems/bundler-4.0.16/lib/bundler/source/rubygems.rb:548:in `download_gem'
  /var/lib/gems/3.2.0/gems/bundler-4.0.16/lib/bundler/source/rubygems.rb:479:in `fetch_gem'
  /var/lib/gems/3.2.0/gems/bundler-4.0.16/lib/bundler/source/rubygems.rb:463:in `fetch_gem_if_possible'
  /var/lib/gems/3.2.0/gems/bundler-4.0.16/lib/bundler/source/rubygems.rb:585:in `rubygems_gem_installer'
  /var/lib/gems/3.2.0/gems/bundler-4.0.16/lib/bundler/source/rubygems.rb:185:in `download'
  /var/lib/gems/3.2.0/gems/bundler-4.0.16/lib/bundler/installer/gem_installer.rb:29:in `download'
  /var/lib/gems/3.2.0/gems/bundler-4.0.16/lib/bundler/installer/parallel_installer.rb:193:in `do_download'
  /var/lib/gems/3.2.0/gems/bundler-4.0.16/lib/bundler/installer/parallel_installer.rb:177:in `block in worker_pool'
  /var/lib/gems/3.2.0/gems/bundler-4.0.16/lib/bundler/worker.rb:70:in `apply_func'
  /var/lib/gems/3.2.0/gems/bundler-4.0.16/lib/bundler/worker.rb:65:in `block in process_queue'
  /var/lib/gems/3.2.0/gems/bundler-4.0.16/lib/bundler/worker.rb:56:in `loop'
  /var/lib/gems/3.2.0/gems/bundler-4.0.16/lib/bundler/worker.rb:56:in `process_queue'
  /var/lib/gems/3.2.0/gems/bundler-4.0.16/lib/bundler/worker.rb:98:in `block (2 levels) in create_threads'

An error occurred while installing faraday (2.14.3), and Bundler cannot continue.

In Gemfile:
  github-pages was resolved to 232, which depends on
    github-pages-health-check was resolved to 1.18.2, which depends on
      octokit was resolved to 4.25.1, which depends on
        sawyer was resolved to 0.9.3, which depends on
          faraday


Bundler::PermissionError: There was an error while trying to write to `/var/lib/gems/3.2.0/cache/gemoji-4.1.0.gem`. It is likely that
you need to grant write permissions for that path.
  /var/lib/gems/3.2.0/gems/bundler-4.0.16/lib/bundler/shared_helpers.rb:110:in `rescue in filesystem_access'
  /var/lib/gems/3.2.0/gems/bundler-4.0.16/lib/bundler/shared_helpers.rb:105:in `filesystem_access'
  /var/lib/gems/3.2.0/gems/bundler-4.0.16/lib/bundler/rubygems_integration.rb:392:in `block in download_gem'
  /var/lib/gems/3.2.0/gems/bundler-4.0.16/lib/bundler/retry.rb:48:in `run'
  /var/lib/gems/3.2.0/gems/bundler-4.0.16/lib/bundler/retry.rb:38:in `attempt'
  /var/lib/gems/3.2.0/gems/bundler-4.0.16/lib/bundler/rubygems_integration.rb:384:in `download_gem'
  /var/lib/gems/3.2.0/gems/bundler-4.0.16/lib/bundler/source/rubygems.rb:549:in `block in download_gem'
  /usr/lib/ruby/vendor_ruby/rubygems.rb:962:in `time'
  /var/lib/gems/3.2.0/gems/bundler-4.0.16/lib/bundler/source/rubygems.rb:548:in `download_gem'
  /var/lib/gems/3.2.0/gems/bundler-4.0.16/lib/bundler/source/rubygems.rb:479:in `fetch_gem'
  /var/lib/gems/3.2.0/gems/bundler-4.0.16/lib/bundler/source/rubygems.rb:463:in `fetch_gem_if_possible'
  /var/lib/gems/3.2.0/gems/bundler-4.0.16/lib/bundler/source/rubygems.rb:585:in `rubygems_gem_installer'
  /var/lib/gems/3.2.0/gems/bundler-4.0.16/lib/bundler/source/rubygems.rb:185:in `download'
  /var/lib/gems/3.2.0/gems/bundler-4.0.16/lib/bundler/installer/gem_installer.rb:29:in `download'
  /var/lib/gems/3.2.0/gems/bundler-4.0.16/lib/bundler/installer/parallel_installer.rb:193:in `do_download'
  /var/lib/gems/3.2.0/gems/bundler-4.0.16/lib/bundler/installer/parallel_installer.rb:177:in `block in worker_pool'
  /var/lib/gems/3.2.0/gems/bundler-4.0.16/lib/bundler/worker.rb:70:in `apply_func'
  /var/lib/gems/3.2.0/gems/bundler-4.0.16/lib/bundler/worker.rb:65:in `block in process_queue'
  /var/lib/gems/3.2.0/gems/bundler-4.0.16/lib/bundler/worker.rb:56:in `loop'
  /var/lib/gems/3.2.0/gems/bundler-4.0.16/lib/bundler/worker.rb:56:in `process_queue'
  /var/lib/gems/3.2.0/gems/bundler-4.0.16/lib/bundler/worker.rb:98:in `block (2 levels) in create_threads'

An error occurred while installing gemoji (4.1.0), and Bundler cannot continue.

In Gemfile:
  github-pages was resolved to 232, which depends on
    jemoji was resolved to 0.13.0, which depends on
      gemoji


Bundler::PermissionError: There was an error while trying to write to `/var/lib/gems/3.2.0/cache/sawyer-0.9.3.gem`. It is likely that
you need to grant write permissions for that path.
  /var/lib/gems/3.2.0/gems/bundler-4.0.16/lib/bundler/shared_helpers.rb:110:in `rescue in filesystem_access'
  /var/lib/gems/3.2.0/gems/bundler-4.0.16/lib/bundler/shared_helpers.rb:105:in `filesystem_access'
  /var/lib/gems/3.2.0/gems/bundler-4.0.16/lib/bundler/rubygems_integration.rb:392:in `block in download_gem'
  /var/lib/gems/3.2.0/gems/bundler-4.0.16/lib/bundler/retry.rb:48:in `run'
  /var/lib/gems/3.2.0/gems/bundler-4.0.16/lib/bundler/retry.rb:38:in `attempt'
  /var/lib/gems/3.2.0/gems/bundler-4.0.16/lib/bundler/rubygems_integration.rb:384:in `download_gem'
  /var/lib/gems/3.2.0/gems/bundler-4.0.16/lib/bundler/source/rubygems.rb:549:in `block in download_gem'
  /usr/lib/ruby/vendor_ruby/rubygems.rb:962:in `time'
  /var/lib/gems/3.2.0/gems/bundler-4.0.16/lib/bundler/source/rubygems.rb:548:in `download_gem'
  /var/lib/gems/3.2.0/gems/bundler-4.0.16/lib/bundler/source/rubygems.rb:479:in `fetch_gem'
  /var/lib/gems/3.2.0/gems/bundler-4.0.16/lib/bundler/source/rubygems.rb:463:in `fetch_gem_if_possible'
  /var/lib/gems/3.2.0/gems/bundler-4.0.16/lib/bundler/source/rubygems.rb:585:in `rubygems_gem_installer'
  /var/lib/gems/3.2.0/gems/bundler-4.0.16/lib/bundler/source/rubygems.rb:185:in `download'
  /var/lib/gems/3.2.0/gems/bundler-4.0.16/lib/bundler/installer/gem_installer.rb:29:in `download'
  /var/lib/gems/3.2.0/gems/bundler-4.0.16/lib/bundler/installer/parallel_installer.rb:193:in `do_download'
  /var/lib/gems/3.2.0/gems/bundler-4.0.16/lib/bundler/installer/parallel_installer.rb:177:in `block in worker_pool'
  /var/lib/gems/3.2.0/gems/bundler-4.0.16/lib/bundler/worker.rb:70:in `apply_func'
  /var/lib/gems/3.2.0/gems/bundler-4.0.16/lib/bundler/worker.rb:65:in `block in process_queue'
  /var/lib/gems/3.2.0/gems/bundler-4.0.16/lib/bundler/worker.rb:56:in `loop'
  /var/lib/gems/3.2.0/gems/bundler-4.0.16/lib/bundler/worker.rb:56:in `process_queue'
  /var/lib/gems/3.2.0/gems/bundler-4.0.16/lib/bundler/worker.rb:98:in `block (2 levels) in create_threads'

An error occurred while installing sawyer (0.9.3), and Bundler cannot continue.

In Gemfile:
  github-pages was resolved to 232, which depends on
    github-pages-health-check was resolved to 1.18.2, which depends on
      octokit was resolved to 4.25.1, which depends on
        sawyer


Bundler::PermissionError: There was an error while trying to write to `/var/lib/gems/3.2.0/cache/octokit-4.25.1.gem`. It is likely
that you need to grant write permissions for that path.
  /var/lib/gems/3.2.0/gems/bundler-4.0.16/lib/bundler/shared_helpers.rb:110:in `rescue in filesystem_access'
  /var/lib/gems/3.2.0/gems/bundler-4.0.16/lib/bundler/shared_helpers.rb:105:in `filesystem_access'
  /var/lib/gems/3.2.0/gems/bundler-4.0.16/lib/bundler/rubygems_integration.rb:392:in `block in download_gem'
  /var/lib/gems/3.2.0/gems/bundler-4.0.16/lib/bundler/retry.rb:48:in `run'
  /var/lib/gems/3.2.0/gems/bundler-4.0.16/lib/bundler/retry.rb:38:in `attempt'
  /var/lib/gems/3.2.0/gems/bundler-4.0.16/lib/bundler/rubygems_integration.rb:384:in `download_gem'
  /var/lib/gems/3.2.0/gems/bundler-4.0.16/lib/bundler/source/rubygems.rb:549:in `block in download_gem'
  /usr/lib/ruby/vendor_ruby/rubygems.rb:962:in `time'
  /var/lib/gems/3.2.0/gems/bundler-4.0.16/lib/bundler/source/rubygems.rb:548:in `download_gem'
  /var/lib/gems/3.2.0/gems/bundler-4.0.16/lib/bundler/source/rubygems.rb:479:in `fetch_gem'
  /var/lib/gems/3.2.0/gems/bundler-4.0.16/lib/bundler/source/rubygems.rb:463:in `fetch_gem_if_possible'
  /var/lib/gems/3.2.0/gems/bundler-4.0.16/lib/bundler/source/rubygems.rb:585:in `rubygems_gem_installer'
  /var/lib/gems/3.2.0/gems/bundler-4.0.16/lib/bundler/source/rubygems.rb:185:in `download'
  /var/lib/gems/3.2.0/gems/bundler-4.0.16/lib/bundler/installer/gem_installer.rb:29:in `download'
  /var/lib/gems/3.2.0/gems/bundler-4.0.16/lib/bundler/installer/parallel_installer.rb:193:in `do_download'
  /var/lib/gems/3.2.0/gems/bundler-4.0.16/lib/bundler/installer/parallel_installer.rb:177:in `block in worker_pool'
  /var/lib/gems/3.2.0/gems/bundler-4.0.16/lib/bundler/worker.rb:70:in `apply_func'
  /var/lib/gems/3.2.0/gems/bundler-4.0.16/lib/bundler/worker.rb:65:in `block in process_queue'
  /var/lib/gems/3.2.0/gems/bundler-4.0.16/lib/bundler/worker.rb:56:in `loop'
  /var/lib/gems/3.2.0/gems/bundler-4.0.16/lib/bundler/worker.rb:56:in `process_queue'
  /var/lib/gems/3.2.0/gems/bundler-4.0.16/lib/bundler/worker.rb:98:in `block (2 levels) in create_threads'

An error occurred while installing octokit (4.25.1), and Bundler cannot continue.

In Gemfile:
  github-pages was resolved to 232, which depends on
    github-pages-health-check was resolved to 1.18.2, which depends on
      octokit


Bundler::PermissionError: There was an error while trying to write to `/var/lib/gems/3.2.0/cache/typhoeus-1.6.0.gem`. It is likely
that you need to grant write permissions for that path.
  /var/lib/gems/3.2.0/gems/bundler-4.0.16/lib/bundler/shared_helpers.rb:110:in `rescue in filesystem_access'
  /var/lib/gems/3.2.0/gems/bundler-4.0.16/lib/bundler/shared_helpers.rb:105:in `filesystem_access'
  /var/lib/gems/3.2.0/gems/bundler-4.0.16/lib/bundler/rubygems_integration.rb:392:in `block in download_gem'
  /var/lib/gems/3.2.0/gems/bundler-4.0.16/lib/bundler/retry.rb:48:in `run'
  /var/lib/gems/3.2.0/gems/bundler-4.0.16/lib/bundler/retry.rb:38:in `attempt'
  /var/lib/gems/3.2.0/gems/bundler-4.0.16/lib/bundler/rubygems_integration.rb:384:in `download_gem'
  /var/lib/gems/3.2.0/gems/bundler-4.0.16/lib/bundler/source/rubygems.rb:549:in `block in download_gem'
  /usr/lib/ruby/vendor_ruby/rubygems.rb:962:in `time'
  /var/lib/gems/3.2.0/gems/bundler-4.0.16/lib/bundler/source/rubygems.rb:548:in `download_gem'
  /var/lib/gems/3.2.0/gems/bundler-4.0.16/lib/bundler/source/rubygems.rb:479:in `fetch_gem'
  /var/lib/gems/3.2.0/gems/bundler-4.0.16/lib/bundler/source/rubygems.rb:463:in `fetch_gem_if_possible'
  /var/lib/gems/3.2.0/gems/bundler-4.0.16/lib/bundler/source/rubygems.rb:585:in `rubygems_gem_installer'
  /var/lib/gems/3.2.0/gems/bundler-4.0.16/lib/bundler/source/rubygems.rb:185:in `download'
  /var/lib/gems/3.2.0/gems/bundler-4.0.16/lib/bundler/installer/gem_installer.rb:29:in `download'
  /var/lib/gems/3.2.0/gems/bundler-4.0.16/lib/bundler/installer/parallel_installer.rb:193:in `do_download'
  /var/lib/gems/3.2.0/gems/bundler-4.0.16/lib/bundler/installer/parallel_installer.rb:177:in `block in worker_pool'
  /var/lib/gems/3.2.0/gems/bundler-4.0.16/lib/bundler/worker.rb:70:in `apply_func'
  /var/lib/gems/3.2.0/gems/bundler-4.0.16/lib/bundler/worker.rb:65:in `block in process_queue'
  /var/lib/gems/3.2.0/gems/bundler-4.0.16/lib/bundler/worker.rb:56:in `loop'
  /var/lib/gems/3.2.0/gems/bundler-4.0.16/lib/bundler/worker.rb:56:in `process_queue'
  /var/lib/gems/3.2.0/gems/bundler-4.0.16/lib/bundler/worker.rb:98:in `block (2 levels) in create_threads'

An error occurred while installing typhoeus (1.6.0), and Bundler cannot continue.

In Gemfile:
  github-pages was resolved to 232, which depends on
    github-pages-health-check was resolved to 1.18.2, which depends on
      typhoeus


Bundler::PermissionError: There was an error while trying to write to
`/var/lib/gems/3.2.0/cache/github-pages-health-check-1.18.2.gem`. It is likely that you need to grant write permissions for that
path.
  /var/lib/gems/3.2.0/gems/bundler-4.0.16/lib/bundler/shared_helpers.rb:110:in `rescue in filesystem_access'
  /var/lib/gems/3.2.0/gems/bundler-4.0.16/lib/bundler/shared_helpers.rb:105:in `filesystem_access'
  /var/lib/gems/3.2.0/gems/bundler-4.0.16/lib/bundler/rubygems_integration.rb:392:in `block in download_gem'
  /var/lib/gems/3.2.0/gems/bundler-4.0.16/lib/bundler/retry.rb:48:in `run'
  /var/lib/gems/3.2.0/gems/bundler-4.0.16/lib/bundler/retry.rb:38:in `attempt'
  /var/lib/gems/3.2.0/gems/bundler-4.0.16/lib/bundler/rubygems_integration.rb:384:in `download_gem'
  /var/lib/gems/3.2.0/gems/bundler-4.0.16/lib/bundler/source/rubygems.rb:549:in `block in download_gem'
  /usr/lib/ruby/vendor_ruby/rubygems.rb:962:in `time'
  /var/lib/gems/3.2.0/gems/bundler-4.0.16/lib/bundler/source/rubygems.rb:548:in `download_gem'
  /var/lib/gems/3.2.0/gems/bundler-4.0.16/lib/bundler/source/rubygems.rb:479:in `fetch_gem'
  /var/lib/gems/3.2.0/gems/bundler-4.0.16/lib/bundler/source/rubygems.rb:463:in `fetch_gem_if_possible'
  /var/lib/gems/3.2.0/gems/bundler-4.0.16/lib/bundler/source/rubygems.rb:585:in `rubygems_gem_installer'
  /var/lib/gems/3.2.0/gems/bundler-4.0.16/lib/bundler/source/rubygems.rb:185:in `download'
  /var/lib/gems/3.2.0/gems/bundler-4.0.16/lib/bundler/installer/gem_installer.rb:29:in `download'
  /var/lib/gems/3.2.0/gems/bundler-4.0.16/lib/bundler/installer/parallel_installer.rb:193:in `do_download'
  /var/lib/gems/3.2.0/gems/bundler-4.0.16/lib/bundler/installer/parallel_installer.rb:177:in `block in worker_pool'
  /var/lib/gems/3.2.0/gems/bundler-4.0.16/lib/bundler/worker.rb:70:in `apply_func'
  /var/lib/gems/3.2.0/gems/bundler-4.0.16/lib/bundler/worker.rb:65:in `block in process_queue'
  /var/lib/gems/3.2.0/gems/bundler-4.0.16/lib/bundler/worker.rb:56:in `loop'
  /var/lib/gems/3.2.0/gems/bundler-4.0.16/lib/bundler/worker.rb:56:in `process_queue'
  /var/lib/gems/3.2.0/gems/bundler-4.0.16/lib/bundler/worker.rb:98:in `block (2 levels) in create_threads'

An error occurred while installing github-pages-health-check (1.18.2), and Bundler cannot continue.

In Gemfile:
  github-pages was resolved to 232, which depends on
    github-pages-health-check


Bundler::PermissionError: There was an error while trying to write to `/var/lib/gems/3.2.0/cache/sass-listen-4.0.0.gem`. It is likely
that you need to grant write permissions for that path.
  /var/lib/gems/3.2.0/gems/bundler-4.0.16/lib/bundler/shared_helpers.rb:110:in `rescue in filesystem_access'
  /var/lib/gems/3.2.0/gems/bundler-4.0.16/lib/bundler/shared_helpers.rb:105:in `filesystem_access'
  /var/lib/gems/3.2.0/gems/bundler-4.0.16/lib/bundler/rubygems_integration.rb:392:in `block in download_gem'
  /var/lib/gems/3.2.0/gems/bundler-4.0.16/lib/bundler/retry.rb:48:in `run'
  /var/lib/gems/3.2.0/gems/bundler-4.0.16/lib/bundler/retry.rb:38:in `attempt'
  /var/lib/gems/3.2.0/gems/bundler-4.0.16/lib/bundler/rubygems_integration.rb:384:in `download_gem'
  /var/lib/gems/3.2.0/gems/bundler-4.0.16/lib/bundler/source/rubygems.rb:549:in `block in download_gem'
  /usr/lib/ruby/vendor_ruby/rubygems.rb:962:in `time'
  /var/lib/gems/3.2.0/gems/bundler-4.0.16/lib/bundler/source/rubygems.rb:548:in `download_gem'
  /var/lib/gems/3.2.0/gems/bundler-4.0.16/lib/bundler/source/rubygems.rb:479:in `fetch_gem'
  /var/lib/gems/3.2.0/gems/bundler-4.0.16/lib/bundler/source/rubygems.rb:463:in `fetch_gem_if_possible'
  /var/lib/gems/3.2.0/gems/bundler-4.0.16/lib/bundler/source/rubygems.rb:585:in `rubygems_gem_installer'
  /var/lib/gems/3.2.0/gems/bundler-4.0.16/lib/bundler/source/rubygems.rb:185:in `download'
  /var/lib/gems/3.2.0/gems/bundler-4.0.16/lib/bundler/installer/gem_installer.rb:29:in `download'
  /var/lib/gems/3.2.0/gems/bundler-4.0.16/lib/bundler/installer/parallel_installer.rb:193:in `do_download'
  /var/lib/gems/3.2.0/gems/bundler-4.0.16/lib/bundler/installer/parallel_installer.rb:177:in `block in worker_pool'
  /var/lib/gems/3.2.0/gems/bundler-4.0.16/lib/bundler/worker.rb:70:in `apply_func'
  /var/lib/gems/3.2.0/gems/bundler-4.0.16/lib/bundler/worker.rb:65:in `block in process_queue'
  /var/lib/gems/3.2.0/gems/bundler-4.0.16/lib/bundler/worker.rb:56:in `loop'
  /var/lib/gems/3.2.0/gems/bundler-4.0.16/lib/bundler/worker.rb:56:in `process_queue'
  /var/lib/gems/3.2.0/gems/bundler-4.0.16/lib/bundler/worker.rb:98:in `block (2 levels) in create_threads'

An error occurred while installing sass-listen (4.0.0), and Bundler cannot continue.

In Gemfile:
  github-pages was resolved to 232, which depends on
    jekyll-avatar was resolved to 0.8.0, which depends on
      jekyll was resolved to 3.10.0, which depends on
        jekyll-sass-converter was resolved to 1.5.2, which depends on
          sass was resolved to 3.7.4, which depends on
            sass-listen


Bundler::PermissionError: There was an error while trying to write to `/var/lib/gems/3.2.0/cache/sass-3.7.4.gem`. It is likely that
you need to grant write permissions for that path.
  /var/lib/gems/3.2.0/gems/bundler-4.0.16/lib/bundler/shared_helpers.rb:110:in `rescue in filesystem_access'
  /var/lib/gems/3.2.0/gems/bundler-4.0.16/lib/bundler/shared_helpers.rb:105:in `filesystem_access'
  /var/lib/gems/3.2.0/gems/bundler-4.0.16/lib/bundler/rubygems_integration.rb:392:in `block in download_gem'
  /var/lib/gems/3.2.0/gems/bundler-4.0.16/lib/bundler/retry.rb:48:in `run'
  /var/lib/gems/3.2.0/gems/bundler-4.0.16/lib/bundler/retry.rb:38:in `attempt'
  /var/lib/gems/3.2.0/gems/bundler-4.0.16/lib/bundler/rubygems_integration.rb:384:in `download_gem'
  /var/lib/gems/3.2.0/gems/bundler-4.0.16/lib/bundler/source/rubygems.rb:549:in `block in download_gem'
  /usr/lib/ruby/vendor_ruby/rubygems.rb:962:in `time'
  /var/lib/gems/3.2.0/gems/bundler-4.0.16/lib/bundler/source/rubygems.rb:548:in `download_gem'
  /var/lib/gems/3.2.0/gems/bundler-4.0.16/lib/bundler/source/rubygems.rb:479:in `fetch_gem'
  /var/lib/gems/3.2.0/gems/bundler-4.0.16/lib/bundler/source/rubygems.rb:463:in `fetch_gem_if_possible'
  /var/lib/gems/3.2.0/gems/bundler-4.0.16/lib/bundler/source/rubygems.rb:585:in `rubygems_gem_installer'
  /var/lib/gems/3.2.0/gems/bundler-4.0.16/lib/bundler/source/rubygems.rb:185:in `download'
  /var/lib/gems/3.2.0/gems/bundler-4.0.16/lib/bundler/installer/gem_installer.rb:29:in `download'
  /var/lib/gems/3.2.0/gems/bundler-4.0.16/lib/bundler/installer/parallel_installer.rb:193:in `do_download'
  /var/lib/gems/3.2.0/gems/bundler-4.0.16/lib/bundler/installer/parallel_installer.rb:177:in `block in worker_pool'
  /var/lib/gems/3.2.0/gems/bundler-4.0.16/lib/bundler/worker.rb:70:in `apply_func'
  /var/lib/gems/3.2.0/gems/bundler-4.0.16/lib/bundler/worker.rb:65:in `block in process_queue'
  /var/lib/gems/3.2.0/gems/bundler-4.0.16/lib/bundler/worker.rb:56:in `loop'
  /var/lib/gems/3.2.0/gems/bundler-4.0.16/lib/bundler/worker.rb:56:in `process_queue'
  /var/lib/gems/3.2.0/gems/bundler-4.0.16/lib/bundler/worker.rb:98:in `block (2 levels) in create_threads'

An error occurred while installing sass (3.7.4), and Bundler cannot continue.

In Gemfile:
  github-pages was resolved to 232, which depends on
    jekyll-avatar was resolved to 0.8.0, which depends on
      jekyll was resolved to 3.10.0, which depends on
        jekyll-sass-converter was resolved to 1.5.2, which depends on
          sass


Bundler::PermissionError: There was an error while trying to write to `/var/lib/gems/3.2.0/cache/jekyll-sass-converter-1.5.2.gem`. It
is likely that you need to grant write permissions for that path.
  /var/lib/gems/3.2.0/gems/bundler-4.0.16/lib/bundler/shared_helpers.rb:110:in `rescue in filesystem_access'
  /var/lib/gems/3.2.0/gems/bundler-4.0.16/lib/bundler/shared_helpers.rb:105:in `filesystem_access'
  /var/lib/gems/3.2.0/gems/bundler-4.0.16/lib/bundler/rubygems_integration.rb:392:in `block in download_gem'
  /var/lib/gems/3.2.0/gems/bundler-4.0.16/lib/bundler/retry.rb:48:in `run'
  /var/lib/gems/3.2.0/gems/bundler-4.0.16/lib/bundler/retry.rb:38:in `attempt'
  /var/lib/gems/3.2.0/gems/bundler-4.0.16/lib/bundler/rubygems_integration.rb:384:in `download_gem'
  /var/lib/gems/3.2.0/gems/bundler-4.0.16/lib/bundler/source/rubygems.rb:549:in `block in download_gem'
  /usr/lib/ruby/vendor_ruby/rubygems.rb:962:in `time'
  /var/lib/gems/3.2.0/gems/bundler-4.0.16/lib/bundler/source/rubygems.rb:548:in `download_gem'
  /var/lib/gems/3.2.0/gems/bundler-4.0.16/lib/bundler/source/rubygems.rb:479:in `fetch_gem'
  /var/lib/gems/3.2.0/gems/bundler-4.0.16/lib/bundler/source/rubygems.rb:463:in `fetch_gem_if_possible'
  /var/lib/gems/3.2.0/gems/bundler-4.0.16/lib/bundler/source/rubygems.rb:585:in `rubygems_gem_installer'
  /var/lib/gems/3.2.0/gems/bundler-4.0.16/lib/bundler/source/rubygems.rb:185:in `download'
  /var/lib/gems/3.2.0/gems/bundler-4.0.16/lib/bundler/installer/gem_installer.rb:29:in `download'
  /var/lib/gems/3.2.0/gems/bundler-4.0.16/lib/bundler/installer/parallel_installer.rb:193:in `do_download'
  /var/lib/gems/3.2.0/gems/bundler-4.0.16/lib/bundler/installer/parallel_installer.rb:177:in `block in worker_pool'
  /var/lib/gems/3.2.0/gems/bundler-4.0.16/lib/bundler/worker.rb:70:in `apply_func'
  /var/lib/gems/3.2.0/gems/bundler-4.0.16/lib/bundler/worker.rb:65:in `block in process_queue'
  /var/lib/gems/3.2.0/gems/bundler-4.0.16/lib/bundler/worker.rb:56:in `loop'
  /var/lib/gems/3.2.0/gems/bundler-4.0.16/lib/bundler/worker.rb:56:in `process_queue'
  /var/lib/gems/3.2.0/gems/bundler-4.0.16/lib/bundler/worker.rb:98:in `block (2 levels) in create_threads'

An error occurred while installing jekyll-sass-converter (1.5.2), and Bundler cannot continue.

In Gemfile:
  github-pages was resolved to 232, which depends on
    jekyll-avatar was resolved to 0.8.0, which depends on
      jekyll was resolved to 3.10.0, which depends on
        jekyll-sass-converter


Bundler::PermissionError: There was an error while trying to write to `/var/lib/gems/3.2.0/cache/kramdown-2.4.0.gem`. It is likely
that you need to grant write permissions for that path.
  /var/lib/gems/3.2.0/gems/bundler-4.0.16/lib/bundler/shared_helpers.rb:110:in `rescue in filesystem_access'
  /var/lib/gems/3.2.0/gems/bundler-4.0.16/lib/bundler/shared_helpers.rb:105:in `filesystem_access'
  /var/lib/gems/3.2.0/gems/bundler-4.0.16/lib/bundler/rubygems_integration.rb:392:in `block in download_gem'
  /var/lib/gems/3.2.0/gems/bundler-4.0.16/lib/bundler/retry.rb:48:in `run'
  /var/lib/gems/3.2.0/gems/bundler-4.0.16/lib/bundler/retry.rb:38:in `attempt'
  /var/lib/gems/3.2.0/gems/bundler-4.0.16/lib/bundler/rubygems_integration.rb:384:in `download_gem'
  /var/lib/gems/3.2.0/gems/bundler-4.0.16/lib/bundler/source/rubygems.rb:549:in `block in download_gem'
  /usr/lib/ruby/vendor_ruby/rubygems.rb:962:in `time'
  /var/lib/gems/3.2.0/gems/bundler-4.0.16/lib/bundler/source/rubygems.rb:548:in `download_gem'
  /var/lib/gems/3.2.0/gems/bundler-4.0.16/lib/bundler/source/rubygems.rb:479:in `fetch_gem'
  /var/lib/gems/3.2.0/gems/bundler-4.0.16/lib/bundler/source/rubygems.rb:463:in `fetch_gem_if_possible'
  /var/lib/gems/3.2.0/gems/bundler-4.0.16/lib/bundler/source/rubygems.rb:585:in `rubygems_gem_installer'
  /var/lib/gems/3.2.0/gems/bundler-4.0.16/lib/bundler/source/rubygems.rb:185:in `download'
  /var/lib/gems/3.2.0/gems/bundler-4.0.16/lib/bundler/installer/gem_installer.rb:29:in `download'
  /var/lib/gems/3.2.0/gems/bundler-4.0.16/lib/bundler/installer/parallel_installer.rb:193:in `do_download'
  /var/lib/gems/3.2.0/gems/bundler-4.0.16/lib/bundler/installer/parallel_installer.rb:177:in `block in worker_pool'
  /var/lib/gems/3.2.0/gems/bundler-4.0.16/lib/bundler/worker.rb:70:in `apply_func'
  /var/lib/gems/3.2.0/gems/bundler-4.0.16/lib/bundler/worker.rb:65:in `block in process_queue'
  /var/lib/gems/3.2.0/gems/bundler-4.0.16/lib/bundler/worker.rb:56:in `loop'
  /var/lib/gems/3.2.0/gems/bundler-4.0.16/lib/bundler/worker.rb:56:in `process_queue'
  /var/lib/gems/3.2.0/gems/bundler-4.0.16/lib/bundler/worker.rb:98:in `block (2 levels) in create_threads'

An error occurred while installing kramdown (2.4.0), and Bundler cannot continue.

In Gemfile:
  github-pages was resolved to 232, which depends on
    jekyll-avatar was resolved to 0.8.0, which depends on
      jekyll was resolved to 3.10.0, which depends on
        kramdown


Bundler::PermissionError: There was an error while trying to write to `/var/lib/gems/3.2.0/cache/mercenary-0.3.6.gem`. It is likely
that you need to grant write permissions for that path.
  /var/lib/gems/3.2.0/gems/bundler-4.0.16/lib/bundler/shared_helpers.rb:110:in `rescue in filesystem_access'
  /var/lib/gems/3.2.0/gems/bundler-4.0.16/lib/bundler/shared_helpers.rb:105:in `filesystem_access'
  /var/lib/gems/3.2.0/gems/bundler-4.0.16/lib/bundler/rubygems_integration.rb:392:in `block in download_gem'
  /var/lib/gems/3.2.0/gems/bundler-4.0.16/lib/bundler/retry.rb:48:in `run'
  /var/lib/gems/3.2.0/gems/bundler-4.0.16/lib/bundler/retry.rb:38:in `attempt'
  /var/lib/gems/3.2.0/gems/bundler-4.0.16/lib/bundler/rubygems_integration.rb:384:in `download_gem'
  /var/lib/gems/3.2.0/gems/bundler-4.0.16/lib/bundler/source/rubygems.rb:549:in `block in download_gem'
  /usr/lib/ruby/vendor_ruby/rubygems.rb:962:in `time'
  /var/lib/gems/3.2.0/gems/bundler-4.0.16/lib/bundler/source/rubygems.rb:548:in `download_gem'
  /var/lib/gems/3.2.0/gems/bundler-4.0.16/lib/bundler/source/rubygems.rb:479:in `fetch_gem'
  /var/lib/gems/3.2.0/gems/bundler-4.0.16/lib/bundler/source/rubygems.rb:463:in `fetch_gem_if_possible'
  /var/lib/gems/3.2.0/gems/bundler-4.0.16/lib/bundler/source/rubygems.rb:585:in `rubygems_gem_installer'
  /var/lib/gems/3.2.0/gems/bundler-4.0.16/lib/bundler/source/rubygems.rb:185:in `download'
  /var/lib/gems/3.2.0/gems/bundler-4.0.16/lib/bundler/installer/gem_installer.rb:29:in `download'
  /var/lib/gems/3.2.0/gems/bundler-4.0.16/lib/bundler/installer/parallel_installer.rb:193:in `do_download'
  /var/lib/gems/3.2.0/gems/bundler-4.0.16/lib/bundler/installer/parallel_installer.rb:177:in `block in worker_pool'
  /var/lib/gems/3.2.0/gems/bundler-4.0.16/lib/bundler/worker.rb:70:in `apply_func'
  /var/lib/gems/3.2.0/gems/bundler-4.0.16/lib/bundler/worker.rb:65:in `block in process_queue'
  /var/lib/gems/3.2.0/gems/bundler-4.0.16/lib/bundler/worker.rb:56:in `loop'
  /var/lib/gems/3.2.0/gems/bundler-4.0.16/lib/bundler/worker.rb:56:in `process_queue'
  /var/lib/gems/3.2.0/gems/bundler-4.0.16/lib/bundler/worker.rb:98:in `block (2 levels) in create_threads'

An error occurred while installing mercenary (0.3.6), and Bundler cannot continue.

In Gemfile:
  github-pages was resolved to 232, which depends on
    jekyll-avatar was resolved to 0.8.0, which depends on
      jekyll was resolved to 3.10.0, which depends on
        mercenary


Bundler::PermissionError: There was an error while trying to write to `/var/lib/gems/3.2.0/cache/rouge-3.30.0.gem`. It is likely that
you need to grant write permissions for that path.
  /var/lib/gems/3.2.0/gems/bundler-4.0.16/lib/bundler/shared_helpers.rb:110:in `rescue in filesystem_access'
  /var/lib/gems/3.2.0/gems/bundler-4.0.16/lib/bundler/shared_helpers.rb:105:in `filesystem_access'
  /var/lib/gems/3.2.0/gems/bundler-4.0.16/lib/bundler/rubygems_integration.rb:392:in `block in download_gem'
  /var/lib/gems/3.2.0/gems/bundler-4.0.16/lib/bundler/retry.rb:48:in `run'
  /var/lib/gems/3.2.0/gems/bundler-4.0.16/lib/bundler/retry.rb:38:in `attempt'
  /var/lib/gems/3.2.0/gems/bundler-4.0.16/lib/bundler/rubygems_integration.rb:384:in `download_gem'
  /var/lib/gems/3.2.0/gems/bundler-4.0.16/lib/bundler/source/rubygems.rb:549:in `block in download_gem'
  /usr/lib/ruby/vendor_ruby/rubygems.rb:962:in `time'
  /var/lib/gems/3.2.0/gems/bundler-4.0.16/lib/bundler/source/rubygems.rb:548:in `download_gem'
  /var/lib/gems/3.2.0/gems/bundler-4.0.16/lib/bundler/source/rubygems.rb:479:in `fetch_gem'
  /var/lib/gems/3.2.0/gems/bundler-4.0.16/lib/bundler/source/rubygems.rb:463:in `fetch_gem_if_possible'
  /var/lib/gems/3.2.0/gems/bundler-4.0.16/lib/bundler/source/rubygems.rb:585:in `rubygems_gem_installer'
  /var/lib/gems/3.2.0/gems/bundler-4.0.16/lib/bundler/source/rubygems.rb:185:in `download'
  /var/lib/gems/3.2.0/gems/bundler-4.0.16/lib/bundler/installer/gem_installer.rb:29:in `download'
  /var/lib/gems/3.2.0/gems/bundler-4.0.16/lib/bundler/installer/parallel_installer.rb:193:in `do_download'
  /var/lib/gems/3.2.0/gems/bundler-4.0.16/lib/bundler/installer/parallel_installer.rb:177:in `block in worker_pool'
  /var/lib/gems/3.2.0/gems/bundler-4.0.16/lib/bundler/worker.rb:70:in `apply_func'
  /var/lib/gems/3.2.0/gems/bundler-4.0.16/lib/bundler/worker.rb:65:in `block in process_queue'
  /var/lib/gems/3.2.0/gems/bundler-4.0.16/lib/bundler/worker.rb:56:in `loop'
  /var/lib/gems/3.2.0/gems/bundler-4.0.16/lib/bundler/worker.rb:56:in `process_queue'
  /var/lib/gems/3.2.0/gems/bundler-4.0.16/lib/bundler/worker.rb:98:in `block (2 levels) in create_threads'

An error occurred while installing rouge (3.30.0), and Bundler cannot continue.

In Gemfile:
  github-pages was resolved to 232, which depends on
    jekyll-avatar was resolved to 0.8.0, which depends on
      jekyll was resolved to 3.10.0, which depends on
        rouge


Bundler::PermissionError: There was an error while trying to write to `/var/lib/gems/3.2.0/cache/webrick-1.9.2.gem`. It is likely
that you need to grant write permissions for that path.
  /var/lib/gems/3.2.0/gems/bundler-4.0.16/lib/bundler/shared_helpers.rb:110:in `rescue in filesystem_access'
  /var/lib/gems/3.2.0/gems/bundler-4.0.16/lib/bundler/shared_helpers.rb:105:in `filesystem_access'
  /var/lib/gems/3.2.0/gems/bundler-4.0.16/lib/bundler/rubygems_integration.rb:392:in `block in download_gem'
  /var/lib/gems/3.2.0/gems/bundler-4.0.16/lib/bundler/retry.rb:48:in `run'
  /var/lib/gems/3.2.0/gems/bundler-4.0.16/lib/bundler/retry.rb:38:in `attempt'
  /var/lib/gems/3.2.0/gems/bundler-4.0.16/lib/bundler/rubygems_integration.rb:384:in `download_gem'
  /var/lib/gems/3.2.0/gems/bundler-4.0.16/lib/bundler/source/rubygems.rb:549:in `block in download_gem'
  /usr/lib/ruby/vendor_ruby/rubygems.rb:962:in `time'
  /var/lib/gems/3.2.0/gems/bundler-4.0.16/lib/bundler/source/rubygems.rb:548:in `download_gem'
  /var/lib/gems/3.2.0/gems/bundler-4.0.16/lib/bundler/source/rubygems.rb:479:in `fetch_gem'
  /var/lib/gems/3.2.0/gems/bundler-4.0.16/lib/bundler/source/rubygems.rb:463:in `fetch_gem_if_possible'
  /var/lib/gems/3.2.0/gems/bundler-4.0.16/lib/bundler/source/rubygems.rb:585:in `rubygems_gem_installer'
  /var/lib/gems/3.2.0/gems/bundler-4.0.16/lib/bundler/source/rubygems.rb:185:in `download'
  /var/lib/gems/3.2.0/gems/bundler-4.0.16/lib/bundler/installer/gem_installer.rb:29:in `download'
  /var/lib/gems/3.2.0/gems/bundler-4.0.16/lib/bundler/installer/parallel_installer.rb:193:in `do_download'
  /var/lib/gems/3.2.0/gems/bundler-4.0.16/lib/bundler/installer/parallel_installer.rb:177:in `block in worker_pool'
  /var/lib/gems/3.2.0/gems/bundler-4.0.16/lib/bundler/worker.rb:70:in `apply_func'
  /var/lib/gems/3.2.0/gems/bundler-4.0.16/lib/bundler/worker.rb:65:in `block in process_queue'
  /var/lib/gems/3.2.0/gems/bundler-4.0.16/lib/bundler/worker.rb:56:in `loop'
  /var/lib/gems/3.2.0/gems/bundler-4.0.16/lib/bundler/worker.rb:56:in `process_queue'
  /var/lib/gems/3.2.0/gems/bundler-4.0.16/lib/bundler/worker.rb:98:in `block (2 levels) in create_threads'

An error occurred while installing webrick (1.9.2), and Bundler cannot continue.

In Gemfile:
  github-pages was resolved to 232, which depends on
    jekyll-avatar was resolved to 0.8.0, which depends on
      jekyll was resolved to 3.10.0, which depends on
        webrick


Bundler::PermissionError: There was an error while trying to write to `/var/lib/gems/3.2.0/cache/jekyll-3.10.0.gem`. It is likely
that you need to grant write permissions for that path.
  /var/lib/gems/3.2.0/gems/bundler-4.0.16/lib/bundler/shared_helpers.rb:110:in `rescue in filesystem_access'
  /var/lib/gems/3.2.0/gems/bundler-4.0.16/lib/bundler/shared_helpers.rb:105:in `filesystem_access'
  /var/lib/gems/3.2.0/gems/bundler-4.0.16/lib/bundler/rubygems_integration.rb:392:in `block in download_gem'
  /var/lib/gems/3.2.0/gems/bundler-4.0.16/lib/bundler/retry.rb:48:in `run'
  /var/lib/gems/3.2.0/gems/bundler-4.0.16/lib/bundler/retry.rb:38:in `attempt'
  /var/lib/gems/3.2.0/gems/bundler-4.0.16/lib/bundler/rubygems_integration.rb:384:in `download_gem'
  /var/lib/gems/3.2.0/gems/bundler-4.0.16/lib/bundler/source/rubygems.rb:549:in `block in download_gem'
  /usr/lib/ruby/vendor_ruby/rubygems.rb:962:in `time'
  /var/lib/gems/3.2.0/gems/bundler-4.0.16/lib/bundler/source/rubygems.rb:548:in `download_gem'
  /var/lib/gems/3.2.0/gems/bundler-4.0.16/lib/bundler/source/rubygems.rb:479:in `fetch_gem'
  /var/lib/gems/3.2.0/gems/bundler-4.0.16/lib/bundler/source/rubygems.rb:463:in `fetch_gem_if_possible'
  /var/lib/gems/3.2.0/gems/bundler-4.0.16/lib/bundler/source/rubygems.rb:585:in `rubygems_gem_installer'
  /var/lib/gems/3.2.0/gems/bundler-4.0.16/lib/bundler/source/rubygems.rb:185:in `download'
  /var/lib/gems/3.2.0/gems/bundler-4.0.16/lib/bundler/installer/gem_installer.rb:29:in `download'
  /var/lib/gems/3.2.0/gems/bundler-4.0.16/lib/bundler/installer/parallel_installer.rb:193:in `do_download'
  /var/lib/gems/3.2.0/gems/bundler-4.0.16/lib/bundler/installer/parallel_installer.rb:177:in `block in worker_pool'
  /var/lib/gems/3.2.0/gems/bundler-4.0.16/lib/bundler/worker.rb:70:in `apply_func'
  /var/lib/gems/3.2.0/gems/bundler-4.0.16/lib/bundler/worker.rb:65:in `block in process_queue'
  /var/lib/gems/3.2.0/gems/bundler-4.0.16/lib/bundler/worker.rb:56:in `loop'
  /var/lib/gems/3.2.0/gems/bundler-4.0.16/lib/bundler/worker.rb:56:in `process_queue'
  /var/lib/gems/3.2.0/gems/bundler-4.0.16/lib/bundler/worker.rb:98:in `block (2 levels) in create_threads'

An error occurred while installing jekyll (3.10.0), and Bundler cannot continue.

In Gemfile:
  github-pages was resolved to 232, which depends on
    jekyll-avatar was resolved to 0.8.0, which depends on
      jekyll


Bundler::PermissionError: There was an error while trying to write to `/var/lib/gems/3.2.0/cache/jekyll-avatar-0.8.0.gem`. It is
likely that you need to grant write permissions for that path.
  /var/lib/gems/3.2.0/gems/bundler-4.0.16/lib/bundler/shared_helpers.rb:110:in `rescue in filesystem_access'
  /var/lib/gems/3.2.0/gems/bundler-4.0.16/lib/bundler/shared_helpers.rb:105:in `filesystem_access'
  /var/lib/gems/3.2.0/gems/bundler-4.0.16/lib/bundler/rubygems_integration.rb:392:in `block in download_gem'
  /var/lib/gems/3.2.0/gems/bundler-4.0.16/lib/bundler/retry.rb:48:in `run'
  /var/lib/gems/3.2.0/gems/bundler-4.0.16/lib/bundler/retry.rb:38:in `attempt'
  /var/lib/gems/3.2.0/gems/bundler-4.0.16/lib/bundler/rubygems_integration.rb:384:in `download_gem'
  /var/lib/gems/3.2.0/gems/bundler-4.0.16/lib/bundler/source/rubygems.rb:549:in `block in download_gem'
  /usr/lib/ruby/vendor_ruby/rubygems.rb:962:in `time'
  /var/lib/gems/3.2.0/gems/bundler-4.0.16/lib/bundler/source/rubygems.rb:548:in `download_gem'
  /var/lib/gems/3.2.0/gems/bundler-4.0.16/lib/bundler/source/rubygems.rb:479:in `fetch_gem'
  /var/lib/gems/3.2.0/gems/bundler-4.0.16/lib/bundler/source/rubygems.rb:463:in `fetch_gem_if_possible'
  /var/lib/gems/3.2.0/gems/bundler-4.0.16/lib/bundler/source/rubygems.rb:585:in `rubygems_gem_installer'
  /var/lib/gems/3.2.0/gems/bundler-4.0.16/lib/bundler/source/rubygems.rb:185:in `download'
  /var/lib/gems/3.2.0/gems/bundler-4.0.16/lib/bundler/installer/gem_installer.rb:29:in `download'
  /var/lib/gems/3.2.0/gems/bundler-4.0.16/lib/bundler/installer/parallel_installer.rb:193:in `do_download'
  /var/lib/gems/3.2.0/gems/bundler-4.0.16/lib/bundler/installer/parallel_installer.rb:177:in `block in worker_pool'
  /var/lib/gems/3.2.0/gems/bundler-4.0.16/lib/bundler/worker.rb:70:in `apply_func'
  /var/lib/gems/3.2.0/gems/bundler-4.0.16/lib/bundler/worker.rb:65:in `block in process_queue'
  /var/lib/gems/3.2.0/gems/bundler-4.0.16/lib/bundler/worker.rb:56:in `loop'
  /var/lib/gems/3.2.0/gems/bundler-4.0.16/lib/bundler/worker.rb:56:in `process_queue'
  /var/lib/gems/3.2.0/gems/bundler-4.0.16/lib/bundler/worker.rb:98:in `block (2 levels) in create_threads'

An error occurred while installing jekyll-avatar (0.8.0), and Bundler cannot continue.

In Gemfile:
  github-pages was resolved to 232, which depends on
    jekyll-avatar


Bundler::PermissionError: There was an error while trying to write to `/var/lib/gems/3.2.0/cache/jekyll-coffeescript-1.2.2.gem`. It
is likely that you need to grant write permissions for that path.
  /var/lib/gems/3.2.0/gems/bundler-4.0.16/lib/bundler/shared_helpers.rb:110:in `rescue in filesystem_access'
  /var/lib/gems/3.2.0/gems/bundler-4.0.16/lib/bundler/shared_helpers.rb:105:in `filesystem_access'
  /var/lib/gems/3.2.0/gems/bundler-4.0.16/lib/bundler/rubygems_integration.rb:392:in `block in download_gem'
  /var/lib/gems/3.2.0/gems/bundler-4.0.16/lib/bundler/retry.rb:48:in `run'
  /var/lib/gems/3.2.0/gems/bundler-4.0.16/lib/bundler/retry.rb:38:in `attempt'
  /var/lib/gems/3.2.0/gems/bundler-4.0.16/lib/bundler/rubygems_integration.rb:384:in `download_gem'
  /var/lib/gems/3.2.0/gems/bundler-4.0.16/lib/bundler/source/rubygems.rb:549:in `block in download_gem'
  /usr/lib/ruby/vendor_ruby/rubygems.rb:962:in `time'
  /var/lib/gems/3.2.0/gems/bundler-4.0.16/lib/bundler/source/rubygems.rb:548:in `download_gem'
  /var/lib/gems/3.2.0/gems/bundler-4.0.16/lib/bundler/source/rubygems.rb:479:in `fetch_gem'
  /var/lib/gems/3.2.0/gems/bundler-4.0.16/lib/bundler/source/rubygems.rb:463:in `fetch_gem_if_possible'
  /var/lib/gems/3.2.0/gems/bundler-4.0.16/lib/bundler/source/rubygems.rb:585:in `rubygems_gem_installer'
  /var/lib/gems/3.2.0/gems/bundler-4.0.16/lib/bundler/source/rubygems.rb:185:in `download'
  /var/lib/gems/3.2.0/gems/bundler-4.0.16/lib/bundler/installer/gem_installer.rb:29:in `download'
  /var/lib/gems/3.2.0/gems/bundler-4.0.16/lib/bundler/installer/parallel_installer.rb:193:in `do_download'
  /var/lib/gems/3.2.0/gems/bundler-4.0.16/lib/bundler/installer/parallel_installer.rb:177:in `block in worker_pool'
  /var/lib/gems/3.2.0/gems/bundler-4.0.16/lib/bundler/worker.rb:70:in `apply_func'
  /var/lib/gems/3.2.0/gems/bundler-4.0.16/lib/bundler/worker.rb:65:in `block in process_queue'
  /var/lib/gems/3.2.0/gems/bundler-4.0.16/lib/bundler/worker.rb:56:in `loop'
  /var/lib/gems/3.2.0/gems/bundler-4.0.16/lib/bundler/worker.rb:56:in `process_queue'
  /var/lib/gems/3.2.0/gems/bundler-4.0.16/lib/bundler/worker.rb:98:in `block (2 levels) in create_threads'

An error occurred while installing jekyll-coffeescript (1.2.2), and Bundler cannot continue.

In Gemfile:
  github-pages was resolved to 232, which depends on
    jekyll-coffeescript


Bundler::PermissionError: There was an error while trying to write to `/var/lib/gems/3.2.0/cache/jekyll-commonmark-1.4.0.gem`. It is
likely that you need to grant write permissions for that path.
  /var/lib/gems/3.2.0/gems/bundler-4.0.16/lib/bundler/shared_helpers.rb:110:in `rescue in filesystem_access'
  /var/lib/gems/3.2.0/gems/bundler-4.0.16/lib/bundler/shared_helpers.rb:105:in `filesystem_access'
  /var/lib/gems/3.2.0/gems/bundler-4.0.16/lib/bundler/rubygems_integration.rb:392:in `block in download_gem'
  /var/lib/gems/3.2.0/gems/bundler-4.0.16/lib/bundler/retry.rb:48:in `run'
  /var/lib/gems/3.2.0/gems/bundler-4.0.16/lib/bundler/retry.rb:38:in `attempt'
  /var/lib/gems/3.2.0/gems/bundler-4.0.16/lib/bundler/rubygems_integration.rb:384:in `download_gem'
  /var/lib/gems/3.2.0/gems/bundler-4.0.16/lib/bundler/source/rubygems.rb:549:in `block in download_gem'
  /usr/lib/ruby/vendor_ruby/rubygems.rb:962:in `time'
  /var/lib/gems/3.2.0/gems/bundler-4.0.16/lib/bundler/source/rubygems.rb:548:in `download_gem'
  /var/lib/gems/3.2.0/gems/bundler-4.0.16/lib/bundler/source/rubygems.rb:479:in `fetch_gem'
  /var/lib/gems/3.2.0/gems/bundler-4.0.16/lib/bundler/source/rubygems.rb:463:in `fetch_gem_if_possible'
  /var/lib/gems/3.2.0/gems/bundler-4.0.16/lib/bundler/source/rubygems.rb:585:in `rubygems_gem_installer'
  /var/lib/gems/3.2.0/gems/bundler-4.0.16/lib/bundler/source/rubygems.rb:185:in `download'
  /var/lib/gems/3.2.0/gems/bundler-4.0.16/lib/bundler/installer/gem_installer.rb:29:in `download'
  /var/lib/gems/3.2.0/gems/bundler-4.0.16/lib/bundler/installer/parallel_installer.rb:193:in `do_download'
  /var/lib/gems/3.2.0/gems/bundler-4.0.16/lib/bundler/installer/parallel_installer.rb:177:in `block in worker_pool'
  /var/lib/gems/3.2.0/gems/bundler-4.0.16/lib/bundler/worker.rb:70:in `apply_func'
  /var/lib/gems/3.2.0/gems/bundler-4.0.16/lib/bundler/worker.rb:65:in `block in process_queue'
  /var/lib/gems/3.2.0/gems/bundler-4.0.16/lib/bundler/worker.rb:56:in `loop'
  /var/lib/gems/3.2.0/gems/bundler-4.0.16/lib/bundler/worker.rb:56:in `process_queue'
  /var/lib/gems/3.2.0/gems/bundler-4.0.16/lib/bundler/worker.rb:98:in `block (2 levels) in create_threads'

An error occurred while installing jekyll-commonmark (1.4.0), and Bundler cannot continue.

In Gemfile:
  github-pages was resolved to 232, which depends on
    jekyll-commonmark-ghpages was resolved to 0.5.1, which depends on
      jekyll-commonmark


Bundler::PermissionError: There was an error while trying to write to
`/var/lib/gems/3.2.0/cache/jekyll-commonmark-ghpages-0.5.1.gem`. It is likely that you need to grant write permissions for that path.
  /var/lib/gems/3.2.0/gems/bundler-4.0.16/lib/bundler/shared_helpers.rb:110:in `rescue in filesystem_access'
  /var/lib/gems/3.2.0/gems/bundler-4.0.16/lib/bundler/shared_helpers.rb:105:in `filesystem_access'
  /var/lib/gems/3.2.0/gems/bundler-4.0.16/lib/bundler/rubygems_integration.rb:392:in `block in download_gem'
  /var/lib/gems/3.2.0/gems/bundler-4.0.16/lib/bundler/retry.rb:48:in `run'
  /var/lib/gems/3.2.0/gems/bundler-4.0.16/lib/bundler/retry.rb:38:in `attempt'
  /var/lib/gems/3.2.0/gems/bundler-4.0.16/lib/bundler/rubygems_integration.rb:384:in `download_gem'
  /var/lib/gems/3.2.0/gems/bundler-4.0.16/lib/bundler/source/rubygems.rb:549:in `block in download_gem'
  /usr/lib/ruby/vendor_ruby/rubygems.rb:962:in `time'
  /var/lib/gems/3.2.0/gems/bundler-4.0.16/lib/bundler/source/rubygems.rb:548:in `download_gem'
  /var/lib/gems/3.2.0/gems/bundler-4.0.16/lib/bundler/source/rubygems.rb:479:in `fetch_gem'
  /var/lib/gems/3.2.0/gems/bundler-4.0.16/lib/bundler/source/rubygems.rb:463:in `fetch_gem_if_possible'
  /var/lib/gems/3.2.0/gems/bundler-4.0.16/lib/bundler/source/rubygems.rb:585:in `rubygems_gem_installer'
  /var/lib/gems/3.2.0/gems/bundler-4.0.16/lib/bundler/source/rubygems.rb:185:in `download'
  /var/lib/gems/3.2.0/gems/bundler-4.0.16/lib/bundler/installer/gem_installer.rb:29:in `download'
  /var/lib/gems/3.2.0/gems/bundler-4.0.16/lib/bundler/installer/parallel_installer.rb:193:in `do_download'
  /var/lib/gems/3.2.0/gems/bundler-4.0.16/lib/bundler/installer/parallel_installer.rb:177:in `block in worker_pool'
  /var/lib/gems/3.2.0/gems/bundler-4.0.16/lib/bundler/worker.rb:70:in `apply_func'
  /var/lib/gems/3.2.0/gems/bundler-4.0.16/lib/bundler/worker.rb:65:in `block in process_queue'
  /var/lib/gems/3.2.0/gems/bundler-4.0.16/lib/bundler/worker.rb:56:in `loop'
  /var/lib/gems/3.2.0/gems/bundler-4.0.16/lib/bundler/worker.rb:56:in `process_queue'
  /var/lib/gems/3.2.0/gems/bundler-4.0.16/lib/bundler/worker.rb:98:in `block (2 levels) in create_threads'

An error occurred while installing jekyll-commonmark-ghpages (0.5.1), and Bundler cannot continue.

In Gemfile:
  github-pages was resolved to 232, which depends on
    jekyll-commonmark-ghpages


Bundler::PermissionError: There was an error while trying to write to `/var/lib/gems/3.2.0/cache/jekyll-default-layout-0.1.5.gem`. It
is likely that you need to grant write permissions for that path.
  /var/lib/gems/3.2.0/gems/bundler-4.0.16/lib/bundler/shared_helpers.rb:110:in `rescue in filesystem_access'
  /var/lib/gems/3.2.0/gems/bundler-4.0.16/lib/bundler/shared_helpers.rb:105:in `filesystem_access'
  /var/lib/gems/3.2.0/gems/bundler-4.0.16/lib/bundler/rubygems_integration.rb:392:in `block in download_gem'
  /var/lib/gems/3.2.0/gems/bundler-4.0.16/lib/bundler/retry.rb:48:in `run'
  /var/lib/gems/3.2.0/gems/bundler-4.0.16/lib/bundler/retry.rb:38:in `attempt'
  /var/lib/gems/3.2.0/gems/bundler-4.0.16/lib/bundler/rubygems_integration.rb:384:in `download_gem'
  /var/lib/gems/3.2.0/gems/bundler-4.0.16/lib/bundler/source/rubygems.rb:549:in `block in download_gem'
  /usr/lib/ruby/vendor_ruby/rubygems.rb:962:in `time'
  /var/lib/gems/3.2.0/gems/bundler-4.0.16/lib/bundler/source/rubygems.rb:548:in `download_gem'
  /var/lib/gems/3.2.0/gems/bundler-4.0.16/lib/bundler/source/rubygems.rb:479:in `fetch_gem'
  /var/lib/gems/3.2.0/gems/bundler-4.0.16/lib/bundler/source/rubygems.rb:463:in `fetch_gem_if_possible'
  /var/lib/gems/3.2.0/gems/bundler-4.0.16/lib/bundler/source/rubygems.rb:585:in `rubygems_gem_installer'
  /var/lib/gems/3.2.0/gems/bundler-4.0.16/lib/bundler/source/rubygems.rb:185:in `download'
  /var/lib/gems/3.2.0/gems/bundler-4.0.16/lib/bundler/installer/gem_installer.rb:29:in `download'
  /var/lib/gems/3.2.0/gems/bundler-4.0.16/lib/bundler/installer/parallel_installer.rb:193:in `do_download'
  /var/lib/gems/3.2.0/gems/bundler-4.0.16/lib/bundler/installer/parallel_installer.rb:177:in `block in worker_pool'
  /var/lib/gems/3.2.0/gems/bundler-4.0.16/lib/bundler/worker.rb:70:in `apply_func'
  /var/lib/gems/3.2.0/gems/bundler-4.0.16/lib/bundler/worker.rb:65:in `block in process_queue'
  /var/lib/gems/3.2.0/gems/bundler-4.0.16/lib/bundler/worker.rb:56:in `loop'
  /var/lib/gems/3.2.0/gems/bundler-4.0.16/lib/bundler/worker.rb:56:in `process_queue'
  /var/lib/gems/3.2.0/gems/bundler-4.0.16/lib/bundler/worker.rb:98:in `block (2 levels) in create_threads'

An error occurred while installing jekyll-default-layout (0.1.5), and Bundler cannot continue.

In Gemfile:
  github-pages was resolved to 232, which depends on
    jekyll-default-layout


Bundler::PermissionError: There was an error while trying to write to `/var/lib/gems/3.2.0/cache/jekyll-feed-0.17.0.gem`. It is
likely that you need to grant write permissions for that path.
  /var/lib/gems/3.2.0/gems/bundler-4.0.16/lib/bundler/shared_helpers.rb:110:in `rescue in filesystem_access'
  /var/lib/gems/3.2.0/gems/bundler-4.0.16/lib/bundler/shared_helpers.rb:105:in `filesystem_access'
  /var/lib/gems/3.2.0/gems/bundler-4.0.16/lib/bundler/rubygems_integration.rb:392:in `block in download_gem'
  /var/lib/gems/3.2.0/gems/bundler-4.0.16/lib/bundler/retry.rb:48:in `run'
  /var/lib/gems/3.2.0/gems/bundler-4.0.16/lib/bundler/retry.rb:38:in `attempt'
  /var/lib/gems/3.2.0/gems/bundler-4.0.16/lib/bundler/rubygems_integration.rb:384:in `download_gem'
  /var/lib/gems/3.2.0/gems/bundler-4.0.16/lib/bundler/source/rubygems.rb:549:in `block in download_gem'
  /usr/lib/ruby/vendor_ruby/rubygems.rb:962:in `time'
  /var/lib/gems/3.2.0/gems/bundler-4.0.16/lib/bundler/source/rubygems.rb:548:in `download_gem'
  /var/lib/gems/3.2.0/gems/bundler-4.0.16/lib/bundler/source/rubygems.rb:479:in `fetch_gem'
  /var/lib/gems/3.2.0/gems/bundler-4.0.16/lib/bundler/source/rubygems.rb:463:in `fetch_gem_if_possible'
  /var/lib/gems/3.2.0/gems/bundler-4.0.16/lib/bundler/source/rubygems.rb:585:in `rubygems_gem_installer'
  /var/lib/gems/3.2.0/gems/bundler-4.0.16/lib/bundler/source/rubygems.rb:185:in `download'
  /var/lib/gems/3.2.0/gems/bundler-4.0.16/lib/bundler/installer/gem_installer.rb:29:in `download'
  /var/lib/gems/3.2.0/gems/bundler-4.0.16/lib/bundler/installer/parallel_installer.rb:193:in `do_download'
  /var/lib/gems/3.2.0/gems/bundler-4.0.16/lib/bundler/installer/parallel_installer.rb:177:in `block in worker_pool'
  /var/lib/gems/3.2.0/gems/bundler-4.0.16/lib/bundler/worker.rb:70:in `apply_func'
  /var/lib/gems/3.2.0/gems/bundler-4.0.16/lib/bundler/worker.rb:65:in `block in process_queue'
  /var/lib/gems/3.2.0/gems/bundler-4.0.16/lib/bundler/worker.rb:56:in `loop'
  /var/lib/gems/3.2.0/gems/bundler-4.0.16/lib/bundler/worker.rb:56:in `process_queue'
  /var/lib/gems/3.2.0/gems/bundler-4.0.16/lib/bundler/worker.rb:98:in `block (2 levels) in create_threads'

An error occurred while installing jekyll-feed (0.17.0), and Bundler cannot continue.

In Gemfile:
  github-pages was resolved to 232, which depends on
    minima was resolved to 2.5.1, which depends on
      jekyll-feed


Bundler::PermissionError: There was an error while trying to write to `/var/lib/gems/3.2.0/cache/jekyll-gist-1.5.0.gem`. It is likely
that you need to grant write permissions for that path.
  /var/lib/gems/3.2.0/gems/bundler-4.0.16/lib/bundler/shared_helpers.rb:110:in `rescue in filesystem_access'
  /var/lib/gems/3.2.0/gems/bundler-4.0.16/lib/bundler/shared_helpers.rb:105:in `filesystem_access'
  /var/lib/gems/3.2.0/gems/bundler-4.0.16/lib/bundler/rubygems_integration.rb:392:in `block in download_gem'
  /var/lib/gems/3.2.0/gems/bundler-4.0.16/lib/bundler/retry.rb:48:in `run'
  /var/lib/gems/3.2.0/gems/bundler-4.0.16/lib/bundler/retry.rb:38:in `attempt'
  /var/lib/gems/3.2.0/gems/bundler-4.0.16/lib/bundler/rubygems_integration.rb:384:in `download_gem'
  /var/lib/gems/3.2.0/gems/bundler-4.0.16/lib/bundler/source/rubygems.rb:549:in `block in download_gem'
  /usr/lib/ruby/vendor_ruby/rubygems.rb:962:in `time'
  /var/lib/gems/3.2.0/gems/bundler-4.0.16/lib/bundler/source/rubygems.rb:548:in `download_gem'
  /var/lib/gems/3.2.0/gems/bundler-4.0.16/lib/bundler/source/rubygems.rb:479:in `fetch_gem'
  /var/lib/gems/3.2.0/gems/bundler-4.0.16/lib/bundler/source/rubygems.rb:463:in `fetch_gem_if_possible'
  /var/lib/gems/3.2.0/gems/bundler-4.0.16/lib/bundler/source/rubygems.rb:585:in `rubygems_gem_installer'
  /var/lib/gems/3.2.0/gems/bundler-4.0.16/lib/bundler/source/rubygems.rb:185:in `download'
  /var/lib/gems/3.2.0/gems/bundler-4.0.16/lib/bundler/installer/gem_installer.rb:29:in `download'
  /var/lib/gems/3.2.0/gems/bundler-4.0.16/lib/bundler/installer/parallel_installer.rb:193:in `do_download'
  /var/lib/gems/3.2.0/gems/bundler-4.0.16/lib/bundler/installer/parallel_installer.rb:177:in `block in worker_pool'
  /var/lib/gems/3.2.0/gems/bundler-4.0.16/lib/bundler/worker.rb:70:in `apply_func'
  /var/lib/gems/3.2.0/gems/bundler-4.0.16/lib/bundler/worker.rb:65:in `block in process_queue'
  /var/lib/gems/3.2.0/gems/bundler-4.0.16/lib/bundler/worker.rb:56:in `loop'
  /var/lib/gems/3.2.0/gems/bundler-4.0.16/lib/bundler/worker.rb:56:in `process_queue'
  /var/lib/gems/3.2.0/gems/bundler-4.0.16/lib/bundler/worker.rb:98:in `block (2 levels) in create_threads'

An error occurred while installing jekyll-gist (1.5.0), and Bundler cannot continue.

In Gemfile:
  github-pages was resolved to 232, which depends on
    jekyll-gist


Bundler::PermissionError: There was an error while trying to write to `/var/lib/gems/3.2.0/cache/jekyll-github-metadata-2.16.1.gem`.
It is likely that you need to grant write permissions for that path.
  /var/lib/gems/3.2.0/gems/bundler-4.0.16/lib/bundler/shared_helpers.rb:110:in `rescue in filesystem_access'
  /var/lib/gems/3.2.0/gems/bundler-4.0.16/lib/bundler/shared_helpers.rb:105:in `filesystem_access'
  /var/lib/gems/3.2.0/gems/bundler-4.0.16/lib/bundler/rubygems_integration.rb:392:in `block in download_gem'
  /var/lib/gems/3.2.0/gems/bundler-4.0.16/lib/bundler/retry.rb:48:in `run'
  /var/lib/gems/3.2.0/gems/bundler-4.0.16/lib/bundler/retry.rb:38:in `attempt'
  /var/lib/gems/3.2.0/gems/bundler-4.0.16/lib/bundler/rubygems_integration.rb:384:in `download_gem'
  /var/lib/gems/3.2.0/gems/bundler-4.0.16/lib/bundler/source/rubygems.rb:549:in `block in download_gem'
  /usr/lib/ruby/vendor_ruby/rubygems.rb:962:in `time'
  /var/lib/gems/3.2.0/gems/bundler-4.0.16/lib/bundler/source/rubygems.rb:548:in `download_gem'
  /var/lib/gems/3.2.0/gems/bundler-4.0.16/lib/bundler/source/rubygems.rb:479:in `fetch_gem'
  /var/lib/gems/3.2.0/gems/bundler-4.0.16/lib/bundler/source/rubygems.rb:463:in `fetch_gem_if_possible'
  /var/lib/gems/3.2.0/gems/bundler-4.0.16/lib/bundler/source/rubygems.rb:585:in `rubygems_gem_installer'
  /var/lib/gems/3.2.0/gems/bundler-4.0.16/lib/bundler/source/rubygems.rb:185:in `download'
  /var/lib/gems/3.2.0/gems/bundler-4.0.16/lib/bundler/installer/gem_installer.rb:29:in `download'
  /var/lib/gems/3.2.0/gems/bundler-4.0.16/lib/bundler/installer/parallel_installer.rb:193:in `do_download'
  /var/lib/gems/3.2.0/gems/bundler-4.0.16/lib/bundler/installer/parallel_installer.rb:177:in `block in worker_pool'
  /var/lib/gems/3.2.0/gems/bundler-4.0.16/lib/bundler/worker.rb:70:in `apply_func'
  /var/lib/gems/3.2.0/gems/bundler-4.0.16/lib/bundler/worker.rb:65:in `block in process_queue'
  /var/lib/gems/3.2.0/gems/bundler-4.0.16/lib/bundler/worker.rb:56:in `loop'
  /var/lib/gems/3.2.0/gems/bundler-4.0.16/lib/bundler/worker.rb:56:in `process_queue'
  /var/lib/gems/3.2.0/gems/bundler-4.0.16/lib/bundler/worker.rb:98:in `block (2 levels) in create_threads'

An error occurred while installing jekyll-github-metadata (2.16.1), and Bundler cannot continue.

In Gemfile:
  github-pages was resolved to 232, which depends on
    jekyll-theme-primer was resolved to 0.6.0, which depends on
      jekyll-github-metadata


Bundler::PermissionError: There was an error while trying to write to `/var/lib/gems/3.2.0/cache/jekyll-include-cache-0.2.1.gem`. It
is likely that you need to grant write permissions for that path.
  /var/lib/gems/3.2.0/gems/bundler-4.0.16/lib/bundler/shared_helpers.rb:110:in `rescue in filesystem_access'
  /var/lib/gems/3.2.0/gems/bundler-4.0.16/lib/bundler/shared_helpers.rb:105:in `filesystem_access'
  /var/lib/gems/3.2.0/gems/bundler-4.0.16/lib/bundler/rubygems_integration.rb:392:in `block in download_gem'
  /var/lib/gems/3.2.0/gems/bundler-4.0.16/lib/bundler/retry.rb:48:in `run'
  /var/lib/gems/3.2.0/gems/bundler-4.0.16/lib/bundler/retry.rb:38:in `attempt'
  /var/lib/gems/3.2.0/gems/bundler-4.0.16/lib/bundler/rubygems_integration.rb:384:in `download_gem'
  /var/lib/gems/3.2.0/gems/bundler-4.0.16/lib/bundler/source/rubygems.rb:549:in `block in download_gem'
  /usr/lib/ruby/vendor_ruby/rubygems.rb:962:in `time'
  /var/lib/gems/3.2.0/gems/bundler-4.0.16/lib/bundler/source/rubygems.rb:548:in `download_gem'
  /var/lib/gems/3.2.0/gems/bundler-4.0.16/lib/bundler/source/rubygems.rb:479:in `fetch_gem'
  /var/lib/gems/3.2.0/gems/bundler-4.0.16/lib/bundler/source/rubygems.rb:463:in `fetch_gem_if_possible'
  /var/lib/gems/3.2.0/gems/bundler-4.0.16/lib/bundler/source/rubygems.rb:585:in `rubygems_gem_installer'
  /var/lib/gems/3.2.0/gems/bundler-4.0.16/lib/bundler/source/rubygems.rb:185:in `download'
  /var/lib/gems/3.2.0/gems/bundler-4.0.16/lib/bundler/installer/gem_installer.rb:29:in `download'
  /var/lib/gems/3.2.0/gems/bundler-4.0.16/lib/bundler/installer/parallel_installer.rb:193:in `do_download'
  /var/lib/gems/3.2.0/gems/bundler-4.0.16/lib/bundler/installer/parallel_installer.rb:177:in `block in worker_pool'
  /var/lib/gems/3.2.0/gems/bundler-4.0.16/lib/bundler/worker.rb:70:in `apply_func'
  /var/lib/gems/3.2.0/gems/bundler-4.0.16/lib/bundler/worker.rb:65:in `block in process_queue'
  /var/lib/gems/3.2.0/gems/bundler-4.0.16/lib/bundler/worker.rb:56:in `loop'
  /var/lib/gems/3.2.0/gems/bundler-4.0.16/lib/bundler/worker.rb:56:in `process_queue'
  /var/lib/gems/3.2.0/gems/bundler-4.0.16/lib/bundler/worker.rb:98:in `block (2 levels) in create_threads'

An error occurred while installing jekyll-include-cache (0.2.1), and Bundler cannot continue.

In Gemfile:
  github-pages was resolved to 232, which depends on
    jekyll-include-cache


Bundler::PermissionError: There was an error while trying to write to `/var/lib/gems/3.2.0/cache/racc-1.8.1.gem`. It is likely that
you need to grant write permissions for that path.
  /var/lib/gems/3.2.0/gems/bundler-4.0.16/lib/bundler/shared_helpers.rb:110:in `rescue in filesystem_access'
  /var/lib/gems/3.2.0/gems/bundler-4.0.16/lib/bundler/shared_helpers.rb:105:in `filesystem_access'
  /var/lib/gems/3.2.0/gems/bundler-4.0.16/lib/bundler/rubygems_integration.rb:392:in `block in download_gem'
  /var/lib/gems/3.2.0/gems/bundler-4.0.16/lib/bundler/retry.rb:48:in `run'
  /var/lib/gems/3.2.0/gems/bundler-4.0.16/lib/bundler/retry.rb:38:in `attempt'
  /var/lib/gems/3.2.0/gems/bundler-4.0.16/lib/bundler/rubygems_integration.rb:384:in `download_gem'
  /var/lib/gems/3.2.0/gems/bundler-4.0.16/lib/bundler/source/rubygems.rb:549:in `block in download_gem'
  /usr/lib/ruby/vendor_ruby/rubygems.rb:962:in `time'
  /var/lib/gems/3.2.0/gems/bundler-4.0.16/lib/bundler/source/rubygems.rb:548:in `download_gem'
  /var/lib/gems/3.2.0/gems/bundler-4.0.16/lib/bundler/source/rubygems.rb:479:in `fetch_gem'
  /var/lib/gems/3.2.0/gems/bundler-4.0.16/lib/bundler/source/rubygems.rb:463:in `fetch_gem_if_possible'
  /var/lib/gems/3.2.0/gems/bundler-4.0.16/lib/bundler/source/rubygems.rb:585:in `rubygems_gem_installer'
  /var/lib/gems/3.2.0/gems/bundler-4.0.16/lib/bundler/source/rubygems.rb:185:in `download'
  /var/lib/gems/3.2.0/gems/bundler-4.0.16/lib/bundler/installer/gem_installer.rb:29:in `download'
  /var/lib/gems/3.2.0/gems/bundler-4.0.16/lib/bundler/installer/parallel_installer.rb:193:in `do_download'
  /var/lib/gems/3.2.0/gems/bundler-4.0.16/lib/bundler/installer/parallel_installer.rb:177:in `block in worker_pool'
  /var/lib/gems/3.2.0/gems/bundler-4.0.16/lib/bundler/worker.rb:70:in `apply_func'
  /var/lib/gems/3.2.0/gems/bundler-4.0.16/lib/bundler/worker.rb:65:in `block in process_queue'
  /var/lib/gems/3.2.0/gems/bundler-4.0.16/lib/bundler/worker.rb:56:in `loop'
  /var/lib/gems/3.2.0/gems/bundler-4.0.16/lib/bundler/worker.rb:56:in `process_queue'
  /var/lib/gems/3.2.0/gems/bundler-4.0.16/lib/bundler/worker.rb:98:in `block (2 levels) in create_threads'

An error occurred while installing racc (1.8.1), and Bundler cannot continue.

In Gemfile:
  github-pages was resolved to 232, which depends on
    jekyll-mentions was resolved to 1.6.0, which depends on
      html-pipeline was resolved to 2.14.3, which depends on
        nokogiri was resolved to 1.19.4, which depends on
          racc


Bundler::PermissionError: There was an error while trying to write to
`/var/lib/gems/3.2.0/cache/nokogiri-1.19.4-x86_64-linux-gnu.gem`. It is likely that you need to grant write permissions for that
path.
  /var/lib/gems/3.2.0/gems/bundler-4.0.16/lib/bundler/shared_helpers.rb:110:in `rescue in filesystem_access'
  /var/lib/gems/3.2.0/gems/bundler-4.0.16/lib/bundler/shared_helpers.rb:105:in `filesystem_access'
  /var/lib/gems/3.2.0/gems/bundler-4.0.16/lib/bundler/rubygems_integration.rb:392:in `block in download_gem'
  /var/lib/gems/3.2.0/gems/bundler-4.0.16/lib/bundler/retry.rb:48:in `run'
  /var/lib/gems/3.2.0/gems/bundler-4.0.16/lib/bundler/retry.rb:38:in `attempt'
  /var/lib/gems/3.2.0/gems/bundler-4.0.16/lib/bundler/rubygems_integration.rb:384:in `download_gem'
  /var/lib/gems/3.2.0/gems/bundler-4.0.16/lib/bundler/source/rubygems.rb:549:in `block in download_gem'
  /usr/lib/ruby/vendor_ruby/rubygems.rb:962:in `time'
  /var/lib/gems/3.2.0/gems/bundler-4.0.16/lib/bundler/source/rubygems.rb:548:in `download_gem'
  /var/lib/gems/3.2.0/gems/bundler-4.0.16/lib/bundler/source/rubygems.rb:479:in `fetch_gem'
  /var/lib/gems/3.2.0/gems/bundler-4.0.16/lib/bundler/source/rubygems.rb:463:in `fetch_gem_if_possible'
  /var/lib/gems/3.2.0/gems/bundler-4.0.16/lib/bundler/source/rubygems.rb:585:in `rubygems_gem_installer'
  /var/lib/gems/3.2.0/gems/bundler-4.0.16/lib/bundler/source/rubygems.rb:185:in `download'
  /var/lib/gems/3.2.0/gems/bundler-4.0.16/lib/bundler/installer/gem_installer.rb:29:in `download'
  /var/lib/gems/3.2.0/gems/bundler-4.0.16/lib/bundler/installer/parallel_installer.rb:193:in `do_download'
  /var/lib/gems/3.2.0/gems/bundler-4.0.16/lib/bundler/installer/parallel_installer.rb:177:in `block in worker_pool'
  /var/lib/gems/3.2.0/gems/bundler-4.0.16/lib/bundler/worker.rb:70:in `apply_func'
  /var/lib/gems/3.2.0/gems/bundler-4.0.16/lib/bundler/worker.rb:65:in `block in process_queue'
  /var/lib/gems/3.2.0/gems/bundler-4.0.16/lib/bundler/worker.rb:56:in `loop'
  /var/lib/gems/3.2.0/gems/bundler-4.0.16/lib/bundler/worker.rb:56:in `process_queue'
  /var/lib/gems/3.2.0/gems/bundler-4.0.16/lib/bundler/worker.rb:98:in `block (2 levels) in create_threads'

An error occurred while installing nokogiri (1.19.4), and Bundler cannot continue.

In Gemfile:
  github-pages was resolved to 232, which depends on
    jekyll-mentions was resolved to 1.6.0, which depends on
      html-pipeline was resolved to 2.14.3, which depends on
        nokogiri


Bundler::PermissionError: There was an error while trying to write to `/var/lib/gems/3.2.0/cache/html-pipeline-2.14.3.gem`. It is
likely that you need to grant write permissions for that path.
  /var/lib/gems/3.2.0/gems/bundler-4.0.16/lib/bundler/shared_helpers.rb:110:in `rescue in filesystem_access'
  /var/lib/gems/3.2.0/gems/bundler-4.0.16/lib/bundler/shared_helpers.rb:105:in `filesystem_access'
  /var/lib/gems/3.2.0/gems/bundler-4.0.16/lib/bundler/rubygems_integration.rb:392:in `block in download_gem'
  /var/lib/gems/3.2.0/gems/bundler-4.0.16/lib/bundler/retry.rb:48:in `run'
  /var/lib/gems/3.2.0/gems/bundler-4.0.16/lib/bundler/retry.rb:38:in `attempt'
  /var/lib/gems/3.2.0/gems/bundler-4.0.16/lib/bundler/rubygems_integration.rb:384:in `download_gem'
  /var/lib/gems/3.2.0/gems/bundler-4.0.16/lib/bundler/source/rubygems.rb:549:in `block in download_gem'
  /usr/lib/ruby/vendor_ruby/rubygems.rb:962:in `time'
  /var/lib/gems/3.2.0/gems/bundler-4.0.16/lib/bundler/source/rubygems.rb:548:in `download_gem'
  /var/lib/gems/3.2.0/gems/bundler-4.0.16/lib/bundler/source/rubygems.rb:479:in `fetch_gem'
  /var/lib/gems/3.2.0/gems/bundler-4.0.16/lib/bundler/source/rubygems.rb:463:in `fetch_gem_if_possible'
  /var/lib/gems/3.2.0/gems/bundler-4.0.16/lib/bundler/source/rubygems.rb:585:in `rubygems_gem_installer'
  /var/lib/gems/3.2.0/gems/bundler-4.0.16/lib/bundler/source/rubygems.rb:185:in `download'
  /var/lib/gems/3.2.0/gems/bundler-4.0.16/lib/bundler/installer/gem_installer.rb:29:in `download'
  /var/lib/gems/3.2.0/gems/bundler-4.0.16/lib/bundler/installer/parallel_installer.rb:193:in `do_download'
  /var/lib/gems/3.2.0/gems/bundler-4.0.16/lib/bundler/installer/parallel_installer.rb:177:in `block in worker_pool'
  /var/lib/gems/3.2.0/gems/bundler-4.0.16/lib/bundler/worker.rb:70:in `apply_func'
  /var/lib/gems/3.2.0/gems/bundler-4.0.16/lib/bundler/worker.rb:65:in `block in process_queue'
  /var/lib/gems/3.2.0/gems/bundler-4.0.16/lib/bundler/worker.rb:56:in `loop'
  /var/lib/gems/3.2.0/gems/bundler-4.0.16/lib/bundler/worker.rb:56:in `process_queue'
  /var/lib/gems/3.2.0/gems/bundler-4.0.16/lib/bundler/worker.rb:98:in `block (2 levels) in create_threads'

An error occurred while installing html-pipeline (2.14.3), and Bundler cannot continue.

In Gemfile:
  github-pages was resolved to 232, which depends on
    jekyll-mentions was resolved to 1.6.0, which depends on
      html-pipeline


Bundler::PermissionError: There was an error while trying to write to `/var/lib/gems/3.2.0/cache/jekyll-mentions-1.6.0.gem`. It is
likely that you need to grant write permissions for that path.
  /var/lib/gems/3.2.0/gems/bundler-4.0.16/lib/bundler/shared_helpers.rb:110:in `rescue in filesystem_access'
  /var/lib/gems/3.2.0/gems/bundler-4.0.16/lib/bundler/shared_helpers.rb:105:in `filesystem_access'
  /var/lib/gems/3.2.0/gems/bundler-4.0.16/lib/bundler/rubygems_integration.rb:392:in `block in download_gem'
  /var/lib/gems/3.2.0/gems/bundler-4.0.16/lib/bundler/retry.rb:48:in `run'
  /var/lib/gems/3.2.0/gems/bundler-4.0.16/lib/bundler/retry.rb:38:in `attempt'
  /var/lib/gems/3.2.0/gems/bundler-4.0.16/lib/bundler/rubygems_integration.rb:384:in `download_gem'
  /var/lib/gems/3.2.0/gems/bundler-4.0.16/lib/bundler/source/rubygems.rb:549:in `block in download_gem'
  /usr/lib/ruby/vendor_ruby/rubygems.rb:962:in `time'
  /var/lib/gems/3.2.0/gems/bundler-4.0.16/lib/bundler/source/rubygems.rb:548:in `download_gem'
  /var/lib/gems/3.2.0/gems/bundler-4.0.16/lib/bundler/source/rubygems.rb:479:in `fetch_gem'
  /var/lib/gems/3.2.0/gems/bundler-4.0.16/lib/bundler/source/rubygems.rb:463:in `fetch_gem_if_possible'
  /var/lib/gems/3.2.0/gems/bundler-4.0.16/lib/bundler/source/rubygems.rb:585:in `rubygems_gem_installer'
  /var/lib/gems/3.2.0/gems/bundler-4.0.16/lib/bundler/source/rubygems.rb:185:in `download'
  /var/lib/gems/3.2.0/gems/bundler-4.0.16/lib/bundler/installer/gem_installer.rb:29:in `download'
  /var/lib/gems/3.2.0/gems/bundler-4.0.16/lib/bundler/installer/parallel_installer.rb:193:in `do_download'
  /var/lib/gems/3.2.0/gems/bundler-4.0.16/lib/bundler/installer/parallel_installer.rb:177:in `block in worker_pool'
  /var/lib/gems/3.2.0/gems/bundler-4.0.16/lib/bundler/worker.rb:70:in `apply_func'
  /var/lib/gems/3.2.0/gems/bundler-4.0.16/lib/bundler/worker.rb:65:in `block in process_queue'
  /var/lib/gems/3.2.0/gems/bundler-4.0.16/lib/bundler/worker.rb:56:in `loop'
  /var/lib/gems/3.2.0/gems/bundler-4.0.16/lib/bundler/worker.rb:56:in `process_queue'
  /var/lib/gems/3.2.0/gems/bundler-4.0.16/lib/bundler/worker.rb:98:in `block (2 levels) in create_threads'

An error occurred while installing jekyll-mentions (1.6.0), and Bundler cannot continue.

In Gemfile:
  github-pages was resolved to 232, which depends on
    jekyll-mentions


Bundler::PermissionError: There was an error while trying to write to
`/var/lib/gems/3.2.0/cache/jekyll-optional-front-matter-0.3.2.gem`. It is likely that you need to grant write permissions for that
path.
  /var/lib/gems/3.2.0/gems/bundler-4.0.16/lib/bundler/shared_helpers.rb:110:in `rescue in filesystem_access'
  /var/lib/gems/3.2.0/gems/bundler-4.0.16/lib/bundler/shared_helpers.rb:105:in `filesystem_access'
  /var/lib/gems/3.2.0/gems/bundler-4.0.16/lib/bundler/rubygems_integration.rb:392:in `block in download_gem'
  /var/lib/gems/3.2.0/gems/bundler-4.0.16/lib/bundler/retry.rb:48:in `run'
  /var/lib/gems/3.2.0/gems/bundler-4.0.16/lib/bundler/retry.rb:38:in `attempt'
  /var/lib/gems/3.2.0/gems/bundler-4.0.16/lib/bundler/rubygems_integration.rb:384:in `download_gem'
  /var/lib/gems/3.2.0/gems/bundler-4.0.16/lib/bundler/source/rubygems.rb:549:in `block in download_gem'
  /usr/lib/ruby/vendor_ruby/rubygems.rb:962:in `time'
  /var/lib/gems/3.2.0/gems/bundler-4.0.16/lib/bundler/source/rubygems.rb:548:in `download_gem'
  /var/lib/gems/3.2.0/gems/bundler-4.0.16/lib/bundler/source/rubygems.rb:479:in `fetch_gem'
  /var/lib/gems/3.2.0/gems/bundler-4.0.16/lib/bundler/source/rubygems.rb:463:in `fetch_gem_if_possible'
  /var/lib/gems/3.2.0/gems/bundler-4.0.16/lib/bundler/source/rubygems.rb:585:in `rubygems_gem_installer'
  /var/lib/gems/3.2.0/gems/bundler-4.0.16/lib/bundler/source/rubygems.rb:185:in `download'
  /var/lib/gems/3.2.0/gems/bundler-4.0.16/lib/bundler/installer/gem_installer.rb:29:in `download'
  /var/lib/gems/3.2.0/gems/bundler-4.0.16/lib/bundler/installer/parallel_installer.rb:193:in `do_download'
  /var/lib/gems/3.2.0/gems/bundler-4.0.16/lib/bundler/installer/parallel_installer.rb:177:in `block in worker_pool'
  /var/lib/gems/3.2.0/gems/bundler-4.0.16/lib/bundler/worker.rb:70:in `apply_func'
  /var/lib/gems/3.2.0/gems/bundler-4.0.16/lib/bundler/worker.rb:65:in `block in process_queue'
  /var/lib/gems/3.2.0/gems/bundler-4.0.16/lib/bundler/worker.rb:56:in `loop'
  /var/lib/gems/3.2.0/gems/bundler-4.0.16/lib/bundler/worker.rb:56:in `process_queue'
  /var/lib/gems/3.2.0/gems/bundler-4.0.16/lib/bundler/worker.rb:98:in `block (2 levels) in create_threads'

An error occurred while installing jekyll-optional-front-matter (0.3.2), and Bundler cannot continue.

In Gemfile:
  github-pages was resolved to 232, which depends on
    jekyll-optional-front-matter


Bundler::PermissionError: There was an error while trying to write to `/var/lib/gems/3.2.0/cache/jekyll-paginate-1.1.0.gem`. It is
likely that you need to grant write permissions for that path.
  /var/lib/gems/3.2.0/gems/bundler-4.0.16/lib/bundler/shared_helpers.rb:110:in `rescue in filesystem_access'
  /var/lib/gems/3.2.0/gems/bundler-4.0.16/lib/bundler/shared_helpers.rb:105:in `filesystem_access'
  /var/lib/gems/3.2.0/gems/bundler-4.0.16/lib/bundler/rubygems_integration.rb:392:in `block in download_gem'
  /var/lib/gems/3.2.0/gems/bundler-4.0.16/lib/bundler/retry.rb:48:in `run'
  /var/lib/gems/3.2.0/gems/bundler-4.0.16/lib/bundler/retry.rb:38:in `attempt'
  /var/lib/gems/3.2.0/gems/bundler-4.0.16/lib/bundler/rubygems_integration.rb:384:in `download_gem'
  /var/lib/gems/3.2.0/gems/bundler-4.0.16/lib/bundler/source/rubygems.rb:549:in `block in download_gem'
  /usr/lib/ruby/vendor_ruby/rubygems.rb:962:in `time'
  /var/lib/gems/3.2.0/gems/bundler-4.0.16/lib/bundler/source/rubygems.rb:548:in `download_gem'
  /var/lib/gems/3.2.0/gems/bundler-4.0.16/lib/bundler/source/rubygems.rb:479:in `fetch_gem'
  /var/lib/gems/3.2.0/gems/bundler-4.0.16/lib/bundler/source/rubygems.rb:463:in `fetch_gem_if_possible'
  /var/lib/gems/3.2.0/gems/bundler-4.0.16/lib/bundler/source/rubygems.rb:585:in `rubygems_gem_installer'
  /var/lib/gems/3.2.0/gems/bundler-4.0.16/lib/bundler/source/rubygems.rb:185:in `download'
  /var/lib/gems/3.2.0/gems/bundler-4.0.16/lib/bundler/installer/gem_installer.rb:29:in `download'
  /var/lib/gems/3.2.0/gems/bundler-4.0.16/lib/bundler/installer/parallel_installer.rb:193:in `do_download'
  /var/lib/gems/3.2.0/gems/bundler-4.0.16/lib/bundler/installer/parallel_installer.rb:177:in `block in worker_pool'
  /var/lib/gems/3.2.0/gems/bundler-4.0.16/lib/bundler/worker.rb:70:in `apply_func'
  /var/lib/gems/3.2.0/gems/bundler-4.0.16/lib/bundler/worker.rb:65:in `block in process_queue'
  /var/lib/gems/3.2.0/gems/bundler-4.0.16/lib/bundler/worker.rb:56:in `loop'
  /var/lib/gems/3.2.0/gems/bundler-4.0.16/lib/bundler/worker.rb:56:in `process_queue'
  /var/lib/gems/3.2.0/gems/bundler-4.0.16/lib/bundler/worker.rb:98:in `block (2 levels) in create_threads'

An error occurred while installing jekyll-paginate (1.1.0), and Bundler cannot continue.

In Gemfile:
  github-pages was resolved to 232, which depends on
    jekyll-paginate


Bundler::PermissionError: There was an error while trying to write to `/var/lib/gems/3.2.0/cache/jekyll-readme-index-0.3.0.gem`. It
is likely that you need to grant write permissions for that path.
  /var/lib/gems/3.2.0/gems/bundler-4.0.16/lib/bundler/shared_helpers.rb:110:in `rescue in filesystem_access'
  /var/lib/gems/3.2.0/gems/bundler-4.0.16/lib/bundler/shared_helpers.rb:105:in `filesystem_access'
  /var/lib/gems/3.2.0/gems/bundler-4.0.16/lib/bundler/rubygems_integration.rb:392:in `block in download_gem'
  /var/lib/gems/3.2.0/gems/bundler-4.0.16/lib/bundler/retry.rb:48:in `run'
  /var/lib/gems/3.2.0/gems/bundler-4.0.16/lib/bundler/retry.rb:38:in `attempt'
  /var/lib/gems/3.2.0/gems/bundler-4.0.16/lib/bundler/rubygems_integration.rb:384:in `download_gem'
  /var/lib/gems/3.2.0/gems/bundler-4.0.16/lib/bundler/source/rubygems.rb:549:in `block in download_gem'
  /usr/lib/ruby/vendor_ruby/rubygems.rb:962:in `time'
  /var/lib/gems/3.2.0/gems/bundler-4.0.16/lib/bundler/source/rubygems.rb:548:in `download_gem'
  /var/lib/gems/3.2.0/gems/bundler-4.0.16/lib/bundler/source/rubygems.rb:479:in `fetch_gem'
  /var/lib/gems/3.2.0/gems/bundler-4.0.16/lib/bundler/source/rubygems.rb:463:in `fetch_gem_if_possible'
  /var/lib/gems/3.2.0/gems/bundler-4.0.16/lib/bundler/source/rubygems.rb:585:in `rubygems_gem_installer'
  /var/lib/gems/3.2.0/gems/bundler-4.0.16/lib/bundler/source/rubygems.rb:185:in `download'
  /var/lib/gems/3.2.0/gems/bundler-4.0.16/lib/bundler/installer/gem_installer.rb:29:in `download'
  /var/lib/gems/3.2.0/gems/bundler-4.0.16/lib/bundler/installer/parallel_installer.rb:193:in `do_download'
  /var/lib/gems/3.2.0/gems/bundler-4.0.16/lib/bundler/installer/parallel_installer.rb:177:in `block in worker_pool'
  /var/lib/gems/3.2.0/gems/bundler-4.0.16/lib/bundler/worker.rb:70:in `apply_func'
  /var/lib/gems/3.2.0/gems/bundler-4.0.16/lib/bundler/worker.rb:65:in `block in process_queue'
  /var/lib/gems/3.2.0/gems/bundler-4.0.16/lib/bundler/worker.rb:56:in `loop'
  /var/lib/gems/3.2.0/gems/bundler-4.0.16/lib/bundler/worker.rb:56:in `process_queue'
  /var/lib/gems/3.2.0/gems/bundler-4.0.16/lib/bundler/worker.rb:98:in `block (2 levels) in create_threads'

An error occurred while installing jekyll-readme-index (0.3.0), and Bundler cannot continue.

In Gemfile:
  github-pages was resolved to 232, which depends on
    jekyll-readme-index


Bundler::PermissionError: There was an error while trying to write to `/var/lib/gems/3.2.0/cache/jekyll-redirect-from-0.16.0.gem`. It
is likely that you need to grant write permissions for that path.
  /var/lib/gems/3.2.0/gems/bundler-4.0.16/lib/bundler/shared_helpers.rb:110:in `rescue in filesystem_access'
  /var/lib/gems/3.2.0/gems/bundler-4.0.16/lib/bundler/shared_helpers.rb:105:in `filesystem_access'
  /var/lib/gems/3.2.0/gems/bundler-4.0.16/lib/bundler/rubygems_integration.rb:392:in `block in download_gem'
  /var/lib/gems/3.2.0/gems/bundler-4.0.16/lib/bundler/retry.rb:48:in `run'
  /var/lib/gems/3.2.0/gems/bundler-4.0.16/lib/bundler/retry.rb:38:in `attempt'
  /var/lib/gems/3.2.0/gems/bundler-4.0.16/lib/bundler/rubygems_integration.rb:384:in `download_gem'
  /var/lib/gems/3.2.0/gems/bundler-4.0.16/lib/bundler/source/rubygems.rb:549:in `block in download_gem'
  /usr/lib/ruby/vendor_ruby/rubygems.rb:962:in `time'
  /var/lib/gems/3.2.0/gems/bundler-4.0.16/lib/bundler/source/rubygems.rb:548:in `download_gem'
  /var/lib/gems/3.2.0/gems/bundler-4.0.16/lib/bundler/source/rubygems.rb:479:in `fetch_gem'
  /var/lib/gems/3.2.0/gems/bundler-4.0.16/lib/bundler/source/rubygems.rb:463:in `fetch_gem_if_possible'
  /var/lib/gems/3.2.0/gems/bundler-4.0.16/lib/bundler/source/rubygems.rb:585:in `rubygems_gem_installer'
  /var/lib/gems/3.2.0/gems/bundler-4.0.16/lib/bundler/source/rubygems.rb:185:in `download'
  /var/lib/gems/3.2.0/gems/bundler-4.0.16/lib/bundler/installer/gem_installer.rb:29:in `download'
  /var/lib/gems/3.2.0/gems/bundler-4.0.16/lib/bundler/installer/parallel_installer.rb:193:in `do_download'
  /var/lib/gems/3.2.0/gems/bundler-4.0.16/lib/bundler/installer/parallel_installer.rb:177:in `block in worker_pool'
  /var/lib/gems/3.2.0/gems/bundler-4.0.16/lib/bundler/worker.rb:70:in `apply_func'
  /var/lib/gems/3.2.0/gems/bundler-4.0.16/lib/bundler/worker.rb:65:in `block in process_queue'
  /var/lib/gems/3.2.0/gems/bundler-4.0.16/lib/bundler/worker.rb:56:in `loop'
  /var/lib/gems/3.2.0/gems/bundler-4.0.16/lib/bundler/worker.rb:56:in `process_queue'
  /var/lib/gems/3.2.0/gems/bundler-4.0.16/lib/bundler/worker.rb:98:in `block (2 levels) in create_threads'

An error occurred while installing jekyll-redirect-from (0.16.0), and Bundler cannot continue.

In Gemfile:
  github-pages was resolved to 232, which depends on
    jekyll-redirect-from


Bundler::PermissionError: There was an error while trying to write to `/var/lib/gems/3.2.0/cache/jekyll-relative-links-0.6.1.gem`. It
is likely that you need to grant write permissions for that path.
  /var/lib/gems/3.2.0/gems/bundler-4.0.16/lib/bundler/shared_helpers.rb:110:in `rescue in filesystem_access'
  /var/lib/gems/3.2.0/gems/bundler-4.0.16/lib/bundler/shared_helpers.rb:105:in `filesystem_access'
  /var/lib/gems/3.2.0/gems/bundler-4.0.16/lib/bundler/rubygems_integration.rb:392:in `block in download_gem'
  /var/lib/gems/3.2.0/gems/bundler-4.0.16/lib/bundler/retry.rb:48:in `run'
  /var/lib/gems/3.2.0/gems/bundler-4.0.16/lib/bundler/retry.rb:38:in `attempt'
  /var/lib/gems/3.2.0/gems/bundler-4.0.16/lib/bundler/rubygems_integration.rb:384:in `download_gem'
  /var/lib/gems/3.2.0/gems/bundler-4.0.16/lib/bundler/source/rubygems.rb:549:in `block in download_gem'
  /usr/lib/ruby/vendor_ruby/rubygems.rb:962:in `time'
  /var/lib/gems/3.2.0/gems/bundler-4.0.16/lib/bundler/source/rubygems.rb:548:in `download_gem'
  /var/lib/gems/3.2.0/gems/bundler-4.0.16/lib/bundler/source/rubygems.rb:479:in `fetch_gem'
  /var/lib/gems/3.2.0/gems/bundler-4.0.16/lib/bundler/source/rubygems.rb:463:in `fetch_gem_if_possible'
  /var/lib/gems/3.2.0/gems/bundler-4.0.16/lib/bundler/source/rubygems.rb:585:in `rubygems_gem_installer'
  /var/lib/gems/3.2.0/gems/bundler-4.0.16/lib/bundler/source/rubygems.rb:185:in `download'
  /var/lib/gems/3.2.0/gems/bundler-4.0.16/lib/bundler/installer/gem_installer.rb:29:in `download'
  /var/lib/gems/3.2.0/gems/bundler-4.0.16/lib/bundler/installer/parallel_installer.rb:193:in `do_download'
  /var/lib/gems/3.2.0/gems/bundler-4.0.16/lib/bundler/installer/parallel_installer.rb:177:in `block in worker_pool'
  /var/lib/gems/3.2.0/gems/bundler-4.0.16/lib/bundler/worker.rb:70:in `apply_func'
  /var/lib/gems/3.2.0/gems/bundler-4.0.16/lib/bundler/worker.rb:65:in `block in process_queue'
  /var/lib/gems/3.2.0/gems/bundler-4.0.16/lib/bundler/worker.rb:56:in `loop'
  /var/lib/gems/3.2.0/gems/bundler-4.0.16/lib/bundler/worker.rb:56:in `process_queue'
  /var/lib/gems/3.2.0/gems/bundler-4.0.16/lib/bundler/worker.rb:98:in `block (2 levels) in create_threads'

An error occurred while installing jekyll-relative-links (0.6.1), and Bundler cannot continue.

In Gemfile:
  github-pages was resolved to 232, which depends on
    jekyll-relative-links


Bundler::PermissionError: There was an error while trying to write to `/var/lib/gems/3.2.0/cache/rubyzip-2.4.1.gem`. It is likely
that you need to grant write permissions for that path.
  /var/lib/gems/3.2.0/gems/bundler-4.0.16/lib/bundler/shared_helpers.rb:110:in `rescue in filesystem_access'
  /var/lib/gems/3.2.0/gems/bundler-4.0.16/lib/bundler/shared_helpers.rb:105:in `filesystem_access'
  /var/lib/gems/3.2.0/gems/bundler-4.0.16/lib/bundler/rubygems_integration.rb:392:in `block in download_gem'
  /var/lib/gems/3.2.0/gems/bundler-4.0.16/lib/bundler/retry.rb:48:in `run'
  /var/lib/gems/3.2.0/gems/bundler-4.0.16/lib/bundler/retry.rb:38:in `attempt'
  /var/lib/gems/3.2.0/gems/bundler-4.0.16/lib/bundler/rubygems_integration.rb:384:in `download_gem'
  /var/lib/gems/3.2.0/gems/bundler-4.0.16/lib/bundler/source/rubygems.rb:549:in `block in download_gem'
  /usr/lib/ruby/vendor_ruby/rubygems.rb:962:in `time'
  /var/lib/gems/3.2.0/gems/bundler-4.0.16/lib/bundler/source/rubygems.rb:548:in `download_gem'
  /var/lib/gems/3.2.0/gems/bundler-4.0.16/lib/bundler/source/rubygems.rb:479:in `fetch_gem'
  /var/lib/gems/3.2.0/gems/bundler-4.0.16/lib/bundler/source/rubygems.rb:463:in `fetch_gem_if_possible'
  /var/lib/gems/3.2.0/gems/bundler-4.0.16/lib/bundler/source/rubygems.rb:585:in `rubygems_gem_installer'
  /var/lib/gems/3.2.0/gems/bundler-4.0.16/lib/bundler/source/rubygems.rb:185:in `download'
  /var/lib/gems/3.2.0/gems/bundler-4.0.16/lib/bundler/installer/gem_installer.rb:29:in `download'
  /var/lib/gems/3.2.0/gems/bundler-4.0.16/lib/bundler/installer/parallel_installer.rb:193:in `do_download'
  /var/lib/gems/3.2.0/gems/bundler-4.0.16/lib/bundler/installer/parallel_installer.rb:177:in `block in worker_pool'
  /var/lib/gems/3.2.0/gems/bundler-4.0.16/lib/bundler/worker.rb:70:in `apply_func'
  /var/lib/gems/3.2.0/gems/bundler-4.0.16/lib/bundler/worker.rb:65:in `block in process_queue'
  /var/lib/gems/3.2.0/gems/bundler-4.0.16/lib/bundler/worker.rb:56:in `loop'
  /var/lib/gems/3.2.0/gems/bundler-4.0.16/lib/bundler/worker.rb:56:in `process_queue'
  /var/lib/gems/3.2.0/gems/bundler-4.0.16/lib/bundler/worker.rb:98:in `block (2 levels) in create_threads'

An error occurred while installing rubyzip (2.4.1), and Bundler cannot continue.

In Gemfile:
  github-pages was resolved to 232, which depends on
    jekyll-remote-theme was resolved to 0.4.3, which depends on
      rubyzip


Bundler::PermissionError: There was an error while trying to write to `/var/lib/gems/3.2.0/cache/jekyll-remote-theme-0.4.3.gem`. It
is likely that you need to grant write permissions for that path.
  /var/lib/gems/3.2.0/gems/bundler-4.0.16/lib/bundler/shared_helpers.rb:110:in `rescue in filesystem_access'
  /var/lib/gems/3.2.0/gems/bundler-4.0.16/lib/bundler/shared_helpers.rb:105:in `filesystem_access'
  /var/lib/gems/3.2.0/gems/bundler-4.0.16/lib/bundler/rubygems_integration.rb:392:in `block in download_gem'
  /var/lib/gems/3.2.0/gems/bundler-4.0.16/lib/bundler/retry.rb:48:in `run'
  /var/lib/gems/3.2.0/gems/bundler-4.0.16/lib/bundler/retry.rb:38:in `attempt'
  /var/lib/gems/3.2.0/gems/bundler-4.0.16/lib/bundler/rubygems_integration.rb:384:in `download_gem'
  /var/lib/gems/3.2.0/gems/bundler-4.0.16/lib/bundler/source/rubygems.rb:549:in `block in download_gem'
  /usr/lib/ruby/vendor_ruby/rubygems.rb:962:in `time'
  /var/lib/gems/3.2.0/gems/bundler-4.0.16/lib/bundler/source/rubygems.rb:548:in `download_gem'
  /var/lib/gems/3.2.0/gems/bundler-4.0.16/lib/bundler/source/rubygems.rb:479:in `fetch_gem'
  /var/lib/gems/3.2.0/gems/bundler-4.0.16/lib/bundler/source/rubygems.rb:463:in `fetch_gem_if_possible'
  /var/lib/gems/3.2.0/gems/bundler-4.0.16/lib/bundler/source/rubygems.rb:585:in `rubygems_gem_installer'
  /var/lib/gems/3.2.0/gems/bundler-4.0.16/lib/bundler/source/rubygems.rb:185:in `download'
  /var/lib/gems/3.2.0/gems/bundler-4.0.16/lib/bundler/installer/gem_installer.rb:29:in `download'
  /var/lib/gems/3.2.0/gems/bundler-4.0.16/lib/bundler/installer/parallel_installer.rb:193:in `do_download'
  /var/lib/gems/3.2.0/gems/bundler-4.0.16/lib/bundler/installer/parallel_installer.rb:177:in `block in worker_pool'
  /var/lib/gems/3.2.0/gems/bundler-4.0.16/lib/bundler/worker.rb:70:in `apply_func'
  /var/lib/gems/3.2.0/gems/bundler-4.0.16/lib/bundler/worker.rb:65:in `block in process_queue'
  /var/lib/gems/3.2.0/gems/bundler-4.0.16/lib/bundler/worker.rb:56:in `loop'
  /var/lib/gems/3.2.0/gems/bundler-4.0.16/lib/bundler/worker.rb:56:in `process_queue'
  /var/lib/gems/3.2.0/gems/bundler-4.0.16/lib/bundler/worker.rb:98:in `block (2 levels) in create_threads'

An error occurred while installing jekyll-remote-theme (0.4.3), and Bundler cannot continue.

In Gemfile:
  github-pages was resolved to 232, which depends on
    jekyll-remote-theme


Bundler::PermissionError: There was an error while trying to write to `/var/lib/gems/3.2.0/cache/jekyll-seo-tag-2.8.0.gem`. It is
likely that you need to grant write permissions for that path.
  /var/lib/gems/3.2.0/gems/bundler-4.0.16/lib/bundler/shared_helpers.rb:110:in `rescue in filesystem_access'
  /var/lib/gems/3.2.0/gems/bundler-4.0.16/lib/bundler/shared_helpers.rb:105:in `filesystem_access'
  /var/lib/gems/3.2.0/gems/bundler-4.0.16/lib/bundler/rubygems_integration.rb:392:in `block in download_gem'
  /var/lib/gems/3.2.0/gems/bundler-4.0.16/lib/bundler/retry.rb:48:in `run'
  /var/lib/gems/3.2.0/gems/bundler-4.0.16/lib/bundler/retry.rb:38:in `attempt'
  /var/lib/gems/3.2.0/gems/bundler-4.0.16/lib/bundler/rubygems_integration.rb:384:in `download_gem'
  /var/lib/gems/3.2.0/gems/bundler-4.0.16/lib/bundler/source/rubygems.rb:549:in `block in download_gem'
  /usr/lib/ruby/vendor_ruby/rubygems.rb:962:in `time'
  /var/lib/gems/3.2.0/gems/bundler-4.0.16/lib/bundler/source/rubygems.rb:548:in `download_gem'
  /var/lib/gems/3.2.0/gems/bundler-4.0.16/lib/bundler/source/rubygems.rb:479:in `fetch_gem'
  /var/lib/gems/3.2.0/gems/bundler-4.0.16/lib/bundler/source/rubygems.rb:463:in `fetch_gem_if_possible'
  /var/lib/gems/3.2.0/gems/bundler-4.0.16/lib/bundler/source/rubygems.rb:585:in `rubygems_gem_installer'
  /var/lib/gems/3.2.0/gems/bundler-4.0.16/lib/bundler/source/rubygems.rb:185:in `download'
  /var/lib/gems/3.2.0/gems/bundler-4.0.16/lib/bundler/installer/gem_installer.rb:29:in `download'
  /var/lib/gems/3.2.0/gems/bundler-4.0.16/lib/bundler/installer/parallel_installer.rb:193:in `do_download'
  /var/lib/gems/3.2.0/gems/bundler-4.0.16/lib/bundler/installer/parallel_installer.rb:177:in `block in worker_pool'
  /var/lib/gems/3.2.0/gems/bundler-4.0.16/lib/bundler/worker.rb:70:in `apply_func'
  /var/lib/gems/3.2.0/gems/bundler-4.0.16/lib/bundler/worker.rb:65:in `block in process_queue'
  /var/lib/gems/3.2.0/gems/bundler-4.0.16/lib/bundler/worker.rb:56:in `loop'
  /var/lib/gems/3.2.0/gems/bundler-4.0.16/lib/bundler/worker.rb:56:in `process_queue'
  /var/lib/gems/3.2.0/gems/bundler-4.0.16/lib/bundler/worker.rb:98:in `block (2 levels) in create_threads'

An error occurred while installing jekyll-seo-tag (2.8.0), and Bundler cannot continue.

In Gemfile:
  github-pages was resolved to 232, which depends on
    jekyll-theme-architect was resolved to 0.2.0, which depends on
      jekyll-seo-tag


Bundler::PermissionError: There was an error while trying to write to `/var/lib/gems/3.2.0/cache/jekyll-sitemap-1.4.0.gem`. It is
likely that you need to grant write permissions for that path.
  /var/lib/gems/3.2.0/gems/bundler-4.0.16/lib/bundler/shared_helpers.rb:110:in `rescue in filesystem_access'
  /var/lib/gems/3.2.0/gems/bundler-4.0.16/lib/bundler/shared_helpers.rb:105:in `filesystem_access'
  /var/lib/gems/3.2.0/gems/bundler-4.0.16/lib/bundler/rubygems_integration.rb:392:in `block in download_gem'
  /var/lib/gems/3.2.0/gems/bundler-4.0.16/lib/bundler/retry.rb:48:in `run'
  /var/lib/gems/3.2.0/gems/bundler-4.0.16/lib/bundler/retry.rb:38:in `attempt'
  /var/lib/gems/3.2.0/gems/bundler-4.0.16/lib/bundler/rubygems_integration.rb:384:in `download_gem'
  /var/lib/gems/3.2.0/gems/bundler-4.0.16/lib/bundler/source/rubygems.rb:549:in `block in download_gem'
  /usr/lib/ruby/vendor_ruby/rubygems.rb:962:in `time'
  /var/lib/gems/3.2.0/gems/bundler-4.0.16/lib/bundler/source/rubygems.rb:548:in `download_gem'
  /var/lib/gems/3.2.0/gems/bundler-4.0.16/lib/bundler/source/rubygems.rb:479:in `fetch_gem'
  /var/lib/gems/3.2.0/gems/bundler-4.0.16/lib/bundler/source/rubygems.rb:463:in `fetch_gem_if_possible'
  /var/lib/gems/3.2.0/gems/bundler-4.0.16/lib/bundler/source/rubygems.rb:585:in `rubygems_gem_installer'
  /var/lib/gems/3.2.0/gems/bundler-4.0.16/lib/bundler/source/rubygems.rb:185:in `download'
  /var/lib/gems/3.2.0/gems/bundler-4.0.16/lib/bundler/installer/gem_installer.rb:29:in `download'
  /var/lib/gems/3.2.0/gems/bundler-4.0.16/lib/bundler/installer/parallel_installer.rb:193:in `do_download'
  /var/lib/gems/3.2.0/gems/bundler-4.0.16/lib/bundler/installer/parallel_installer.rb:177:in `block in worker_pool'
  /var/lib/gems/3.2.0/gems/bundler-4.0.16/lib/bundler/worker.rb:70:in `apply_func'
  /var/lib/gems/3.2.0/gems/bundler-4.0.16/lib/bundler/worker.rb:65:in `block in process_queue'
  /var/lib/gems/3.2.0/gems/bundler-4.0.16/lib/bundler/worker.rb:56:in `loop'
  /var/lib/gems/3.2.0/gems/bundler-4.0.16/lib/bundler/worker.rb:56:in `process_queue'
  /var/lib/gems/3.2.0/gems/bundler-4.0.16/lib/bundler/worker.rb:98:in `block (2 levels) in create_threads'

An error occurred while installing jekyll-sitemap (1.4.0), and Bundler cannot continue.

In Gemfile:
  github-pages was resolved to 232, which depends on
    jekyll-sitemap


Bundler::PermissionError: There was an error while trying to write to `/var/lib/gems/3.2.0/cache/jekyll-swiss-1.0.0.gem`. It is
likely that you need to grant write permissions for that path.
  /var/lib/gems/3.2.0/gems/bundler-4.0.16/lib/bundler/shared_helpers.rb:110:in `rescue in filesystem_access'
  /var/lib/gems/3.2.0/gems/bundler-4.0.16/lib/bundler/shared_helpers.rb:105:in `filesystem_access'
  /var/lib/gems/3.2.0/gems/bundler-4.0.16/lib/bundler/rubygems_integration.rb:392:in `block in download_gem'
  /var/lib/gems/3.2.0/gems/bundler-4.0.16/lib/bundler/retry.rb:48:in `run'
  /var/lib/gems/3.2.0/gems/bundler-4.0.16/lib/bundler/retry.rb:38:in `attempt'
  /var/lib/gems/3.2.0/gems/bundler-4.0.16/lib/bundler/rubygems_integration.rb:384:in `download_gem'
  /var/lib/gems/3.2.0/gems/bundler-4.0.16/lib/bundler/source/rubygems.rb:549:in `block in download_gem'
  /usr/lib/ruby/vendor_ruby/rubygems.rb:962:in `time'
  /var/lib/gems/3.2.0/gems/bundler-4.0.16/lib/bundler/source/rubygems.rb:548:in `download_gem'
  /var/lib/gems/3.2.0/gems/bundler-4.0.16/lib/bundler/source/rubygems.rb:479:in `fetch_gem'
  /var/lib/gems/3.2.0/gems/bundler-4.0.16/lib/bundler/source/rubygems.rb:463:in `fetch_gem_if_possible'
  /var/lib/gems/3.2.0/gems/bundler-4.0.16/lib/bundler/source/rubygems.rb:585:in `rubygems_gem_installer'
  /var/lib/gems/3.2.0/gems/bundler-4.0.16/lib/bundler/source/rubygems.rb:185:in `download'
  /var/lib/gems/3.2.0/gems/bundler-4.0.16/lib/bundler/installer/gem_installer.rb:29:in `download'
  /var/lib/gems/3.2.0/gems/bundler-4.0.16/lib/bundler/installer/parallel_installer.rb:193:in `do_download'
  /var/lib/gems/3.2.0/gems/bundler-4.0.16/lib/bundler/installer/parallel_installer.rb:177:in `block in worker_pool'
  /var/lib/gems/3.2.0/gems/bundler-4.0.16/lib/bundler/worker.rb:70:in `apply_func'
  /var/lib/gems/3.2.0/gems/bundler-4.0.16/lib/bundler/worker.rb:65:in `block in process_queue'
  /var/lib/gems/3.2.0/gems/bundler-4.0.16/lib/bundler/worker.rb:56:in `loop'
  /var/lib/gems/3.2.0/gems/bundler-4.0.16/lib/bundler/worker.rb:56:in `process_queue'
  /var/lib/gems/3.2.0/gems/bundler-4.0.16/lib/bundler/worker.rb:98:in `block (2 levels) in create_threads'

An error occurred while installing jekyll-swiss (1.0.0), and Bundler cannot continue.

In Gemfile:
  github-pages was resolved to 232, which depends on
    jekyll-swiss


Bundler::PermissionError: There was an error while trying to write to `/var/lib/gems/3.2.0/cache/jekyll-theme-architect-0.2.0.gem`.
It is likely that you need to grant write permissions for that path.
  /var/lib/gems/3.2.0/gems/bundler-4.0.16/lib/bundler/shared_helpers.rb:110:in `rescue in filesystem_access'
  /var/lib/gems/3.2.0/gems/bundler-4.0.16/lib/bundler/shared_helpers.rb:105:in `filesystem_access'
  /var/lib/gems/3.2.0/gems/bundler-4.0.16/lib/bundler/rubygems_integration.rb:392:in `block in download_gem'
  /var/lib/gems/3.2.0/gems/bundler-4.0.16/lib/bundler/retry.rb:48:in `run'
  /var/lib/gems/3.2.0/gems/bundler-4.0.16/lib/bundler/retry.rb:38:in `attempt'
  /var/lib/gems/3.2.0/gems/bundler-4.0.16/lib/bundler/rubygems_integration.rb:384:in `download_gem'
  /var/lib/gems/3.2.0/gems/bundler-4.0.16/lib/bundler/source/rubygems.rb:549:in `block in download_gem'
  /usr/lib/ruby/vendor_ruby/rubygems.rb:962:in `time'
  /var/lib/gems/3.2.0/gems/bundler-4.0.16/lib/bundler/source/rubygems.rb:548:in `download_gem'
  /var/lib/gems/3.2.0/gems/bundler-4.0.16/lib/bundler/source/rubygems.rb:479:in `fetch_gem'
  /var/lib/gems/3.2.0/gems/bundler-4.0.16/lib/bundler/source/rubygems.rb:463:in `fetch_gem_if_possible'
  /var/lib/gems/3.2.0/gems/bundler-4.0.16/lib/bundler/source/rubygems.rb:585:in `rubygems_gem_installer'
  /var/lib/gems/3.2.0/gems/bundler-4.0.16/lib/bundler/source/rubygems.rb:185:in `download'
  /var/lib/gems/3.2.0/gems/bundler-4.0.16/lib/bundler/installer/gem_installer.rb:29:in `download'
  /var/lib/gems/3.2.0/gems/bundler-4.0.16/lib/bundler/installer/parallel_installer.rb:193:in `do_download'
  /var/lib/gems/3.2.0/gems/bundler-4.0.16/lib/bundler/installer/parallel_installer.rb:177:in `block in worker_pool'
  /var/lib/gems/3.2.0/gems/bundler-4.0.16/lib/bundler/worker.rb:70:in `apply_func'
  /var/lib/gems/3.2.0/gems/bundler-4.0.16/lib/bundler/worker.rb:65:in `block in process_queue'
  /var/lib/gems/3.2.0/gems/bundler-4.0.16/lib/bundler/worker.rb:56:in `loop'
  /var/lib/gems/3.2.0/gems/bundler-4.0.16/lib/bundler/worker.rb:56:in `process_queue'
  /var/lib/gems/3.2.0/gems/bundler-4.0.16/lib/bundler/worker.rb:98:in `block (2 levels) in create_threads'

An error occurred while installing jekyll-theme-architect (0.2.0), and Bundler cannot continue.

In Gemfile:
  github-pages was resolved to 232, which depends on
    jekyll-theme-architect


Bundler::PermissionError: There was an error while trying to write to `/var/lib/gems/3.2.0/cache/jekyll-theme-cayman-0.2.0.gem`. It
is likely that you need to grant write permissions for that path.
  /var/lib/gems/3.2.0/gems/bundler-4.0.16/lib/bundler/shared_helpers.rb:110:in `rescue in filesystem_access'
  /var/lib/gems/3.2.0/gems/bundler-4.0.16/lib/bundler/shared_helpers.rb:105:in `filesystem_access'
  /var/lib/gems/3.2.0/gems/bundler-4.0.16/lib/bundler/rubygems_integration.rb:392:in `block in download_gem'
  /var/lib/gems/3.2.0/gems/bundler-4.0.16/lib/bundler/retry.rb:48:in `run'
  /var/lib/gems/3.2.0/gems/bundler-4.0.16/lib/bundler/retry.rb:38:in `attempt'
  /var/lib/gems/3.2.0/gems/bundler-4.0.16/lib/bundler/rubygems_integration.rb:384:in `download_gem'
  /var/lib/gems/3.2.0/gems/bundler-4.0.16/lib/bundler/source/rubygems.rb:549:in `block in download_gem'
  /usr/lib/ruby/vendor_ruby/rubygems.rb:962:in `time'
  /var/lib/gems/3.2.0/gems/bundler-4.0.16/lib/bundler/source/rubygems.rb:548:in `download_gem'
  /var/lib/gems/3.2.0/gems/bundler-4.0.16/lib/bundler/source/rubygems.rb:479:in `fetch_gem'
  /var/lib/gems/3.2.0/gems/bundler-4.0.16/lib/bundler/source/rubygems.rb:463:in `fetch_gem_if_possible'
  /var/lib/gems/3.2.0/gems/bundler-4.0.16/lib/bundler/source/rubygems.rb:585:in `rubygems_gem_installer'
  /var/lib/gems/3.2.0/gems/bundler-4.0.16/lib/bundler/source/rubygems.rb:185:in `download'
  /var/lib/gems/3.2.0/gems/bundler-4.0.16/lib/bundler/installer/gem_installer.rb:29:in `download'
  /var/lib/gems/3.2.0/gems/bundler-4.0.16/lib/bundler/installer/parallel_installer.rb:193:in `do_download'
  /var/lib/gems/3.2.0/gems/bundler-4.0.16/lib/bundler/installer/parallel_installer.rb:177:in `block in worker_pool'
  /var/lib/gems/3.2.0/gems/bundler-4.0.16/lib/bundler/worker.rb:70:in `apply_func'
  /var/lib/gems/3.2.0/gems/bundler-4.0.16/lib/bundler/worker.rb:65:in `block in process_queue'
  /var/lib/gems/3.2.0/gems/bundler-4.0.16/lib/bundler/worker.rb:56:in `loop'
  /var/lib/gems/3.2.0/gems/bundler-4.0.16/lib/bundler/worker.rb:56:in `process_queue'
  /var/lib/gems/3.2.0/gems/bundler-4.0.16/lib/bundler/worker.rb:98:in `block (2 levels) in create_threads'

An error occurred while installing jekyll-theme-cayman (0.2.0), and Bundler cannot continue.

In Gemfile:
  github-pages was resolved to 232, which depends on
    jekyll-theme-cayman


Bundler::PermissionError: There was an error while trying to write to `/var/lib/gems/3.2.0/cache/jekyll-theme-dinky-0.2.0.gem`. It is
likely that you need to grant write permissions for that path.
  /var/lib/gems/3.2.0/gems/bundler-4.0.16/lib/bundler/shared_helpers.rb:110:in `rescue in filesystem_access'
  /var/lib/gems/3.2.0/gems/bundler-4.0.16/lib/bundler/shared_helpers.rb:105:in `filesystem_access'
  /var/lib/gems/3.2.0/gems/bundler-4.0.16/lib/bundler/rubygems_integration.rb:392:in `block in download_gem'
  /var/lib/gems/3.2.0/gems/bundler-4.0.16/lib/bundler/retry.rb:48:in `run'
  /var/lib/gems/3.2.0/gems/bundler-4.0.16/lib/bundler/retry.rb:38:in `attempt'
  /var/lib/gems/3.2.0/gems/bundler-4.0.16/lib/bundler/rubygems_integration.rb:384:in `download_gem'
  /var/lib/gems/3.2.0/gems/bundler-4.0.16/lib/bundler/source/rubygems.rb:549:in `block in download_gem'
  /usr/lib/ruby/vendor_ruby/rubygems.rb:962:in `time'
  /var/lib/gems/3.2.0/gems/bundler-4.0.16/lib/bundler/source/rubygems.rb:548:in `download_gem'
  /var/lib/gems/3.2.0/gems/bundler-4.0.16/lib/bundler/source/rubygems.rb:479:in `fetch_gem'
  /var/lib/gems/3.2.0/gems/bundler-4.0.16/lib/bundler/source/rubygems.rb:463:in `fetch_gem_if_possible'
  /var/lib/gems/3.2.0/gems/bundler-4.0.16/lib/bundler/source/rubygems.rb:585:in `rubygems_gem_installer'
  /var/lib/gems/3.2.0/gems/bundler-4.0.16/lib/bundler/source/rubygems.rb:185:in `download'
  /var/lib/gems/3.2.0/gems/bundler-4.0.16/lib/bundler/installer/gem_installer.rb:29:in `download'
  /var/lib/gems/3.2.0/gems/bundler-4.0.16/lib/bundler/installer/parallel_installer.rb:193:in `do_download'
  /var/lib/gems/3.2.0/gems/bundler-4.0.16/lib/bundler/installer/parallel_installer.rb:177:in `block in worker_pool'
  /var/lib/gems/3.2.0/gems/bundler-4.0.16/lib/bundler/worker.rb:70:in `apply_func'
  /var/lib/gems/3.2.0/gems/bundler-4.0.16/lib/bundler/worker.rb:65:in `block in process_queue'
  /var/lib/gems/3.2.0/gems/bundler-4.0.16/lib/bundler/worker.rb:56:in `loop'
  /var/lib/gems/3.2.0/gems/bundler-4.0.16/lib/bundler/worker.rb:56:in `process_queue'
  /var/lib/gems/3.2.0/gems/bundler-4.0.16/lib/bundler/worker.rb:98:in `block (2 levels) in create_threads'

An error occurred while installing jekyll-theme-dinky (0.2.0), and Bundler cannot continue.

In Gemfile:
  github-pages was resolved to 232, which depends on
    jekyll-theme-dinky


Bundler::PermissionError: There was an error while trying to write to `/var/lib/gems/3.2.0/cache/jekyll-theme-hacker-0.2.0.gem`. It
is likely that you need to grant write permissions for that path.
  /var/lib/gems/3.2.0/gems/bundler-4.0.16/lib/bundler/shared_helpers.rb:110:in `rescue in filesystem_access'
  /var/lib/gems/3.2.0/gems/bundler-4.0.16/lib/bundler/shared_helpers.rb:105:in `filesystem_access'
  /var/lib/gems/3.2.0/gems/bundler-4.0.16/lib/bundler/rubygems_integration.rb:392:in `block in download_gem'
  /var/lib/gems/3.2.0/gems/bundler-4.0.16/lib/bundler/retry.rb:48:in `run'
  /var/lib/gems/3.2.0/gems/bundler-4.0.16/lib/bundler/retry.rb:38:in `attempt'
  /var/lib/gems/3.2.0/gems/bundler-4.0.16/lib/bundler/rubygems_integration.rb:384:in `download_gem'
  /var/lib/gems/3.2.0/gems/bundler-4.0.16/lib/bundler/source/rubygems.rb:549:in `block in download_gem'
  /usr/lib/ruby/vendor_ruby/rubygems.rb:962:in `time'
  /var/lib/gems/3.2.0/gems/bundler-4.0.16/lib/bundler/source/rubygems.rb:548:in `download_gem'
  /var/lib/gems/3.2.0/gems/bundler-4.0.16/lib/bundler/source/rubygems.rb:479:in `fetch_gem'
  /var/lib/gems/3.2.0/gems/bundler-4.0.16/lib/bundler/source/rubygems.rb:463:in `fetch_gem_if_possible'
  /var/lib/gems/3.2.0/gems/bundler-4.0.16/lib/bundler/source/rubygems.rb:585:in `rubygems_gem_installer'
  /var/lib/gems/3.2.0/gems/bundler-4.0.16/lib/bundler/source/rubygems.rb:185:in `download'
  /var/lib/gems/3.2.0/gems/bundler-4.0.16/lib/bundler/installer/gem_installer.rb:29:in `download'
  /var/lib/gems/3.2.0/gems/bundler-4.0.16/lib/bundler/installer/parallel_installer.rb:193:in `do_download'
  /var/lib/gems/3.2.0/gems/bundler-4.0.16/lib/bundler/installer/parallel_installer.rb:177:in `block in worker_pool'
  /var/lib/gems/3.2.0/gems/bundler-4.0.16/lib/bundler/worker.rb:70:in `apply_func'
  /var/lib/gems/3.2.0/gems/bundler-4.0.16/lib/bundler/worker.rb:65:in `block in process_queue'
  /var/lib/gems/3.2.0/gems/bundler-4.0.16/lib/bundler/worker.rb:56:in `loop'
  /var/lib/gems/3.2.0/gems/bundler-4.0.16/lib/bundler/worker.rb:56:in `process_queue'
  /var/lib/gems/3.2.0/gems/bundler-4.0.16/lib/bundler/worker.rb:98:in `block (2 levels) in create_threads'

An error occurred while installing jekyll-theme-hacker (0.2.0), and Bundler cannot continue.

In Gemfile:
  github-pages was resolved to 232, which depends on
    jekyll-theme-hacker


Bundler::PermissionError: There was an error while trying to write to `/var/lib/gems/3.2.0/cache/jekyll-theme-leap-day-0.2.0.gem`. It
is likely that you need to grant write permissions for that path.
  /var/lib/gems/3.2.0/gems/bundler-4.0.16/lib/bundler/shared_helpers.rb:110:in `rescue in filesystem_access'
  /var/lib/gems/3.2.0/gems/bundler-4.0.16/lib/bundler/shared_helpers.rb:105:in `filesystem_access'
  /var/lib/gems/3.2.0/gems/bundler-4.0.16/lib/bundler/rubygems_integration.rb:392:in `block in download_gem'
  /var/lib/gems/3.2.0/gems/bundler-4.0.16/lib/bundler/retry.rb:48:in `run'
  /var/lib/gems/3.2.0/gems/bundler-4.0.16/lib/bundler/retry.rb:38:in `attempt'
  /var/lib/gems/3.2.0/gems/bundler-4.0.16/lib/bundler/rubygems_integration.rb:384:in `download_gem'
  /var/lib/gems/3.2.0/gems/bundler-4.0.16/lib/bundler/source/rubygems.rb:549:in `block in download_gem'
  /usr/lib/ruby/vendor_ruby/rubygems.rb:962:in `time'
  /var/lib/gems/3.2.0/gems/bundler-4.0.16/lib/bundler/source/rubygems.rb:548:in `download_gem'
  /var/lib/gems/3.2.0/gems/bundler-4.0.16/lib/bundler/source/rubygems.rb:479:in `fetch_gem'
  /var/lib/gems/3.2.0/gems/bundler-4.0.16/lib/bundler/source/rubygems.rb:463:in `fetch_gem_if_possible'
  /var/lib/gems/3.2.0/gems/bundler-4.0.16/lib/bundler/source/rubygems.rb:585:in `rubygems_gem_installer'
  /var/lib/gems/3.2.0/gems/bundler-4.0.16/lib/bundler/source/rubygems.rb:185:in `download'
  /var/lib/gems/3.2.0/gems/bundler-4.0.16/lib/bundler/installer/gem_installer.rb:29:in `download'
  /var/lib/gems/3.2.0/gems/bundler-4.0.16/lib/bundler/installer/parallel_installer.rb:193:in `do_download'
  /var/lib/gems/3.2.0/gems/bundler-4.0.16/lib/bundler/installer/parallel_installer.rb:177:in `block in worker_pool'
  /var/lib/gems/3.2.0/gems/bundler-4.0.16/lib/bundler/worker.rb:70:in `apply_func'
  /var/lib/gems/3.2.0/gems/bundler-4.0.16/lib/bundler/worker.rb:65:in `block in process_queue'
  /var/lib/gems/3.2.0/gems/bundler-4.0.16/lib/bundler/worker.rb:56:in `loop'
  /var/lib/gems/3.2.0/gems/bundler-4.0.16/lib/bundler/worker.rb:56:in `process_queue'
  /var/lib/gems/3.2.0/gems/bundler-4.0.16/lib/bundler/worker.rb:98:in `block (2 levels) in create_threads'

An error occurred while installing jekyll-theme-leap-day (0.2.0), and Bundler cannot continue.

In Gemfile:
  github-pages was resolved to 232, which depends on
    jekyll-theme-leap-day


Bundler::PermissionError: There was an error while trying to write to `/var/lib/gems/3.2.0/cache/jekyll-theme-merlot-0.2.0.gem`. It
is likely that you need to grant write permissions for that path.
  /var/lib/gems/3.2.0/gems/bundler-4.0.16/lib/bundler/shared_helpers.rb:110:in `rescue in filesystem_access'
  /var/lib/gems/3.2.0/gems/bundler-4.0.16/lib/bundler/shared_helpers.rb:105:in `filesystem_access'
  /var/lib/gems/3.2.0/gems/bundler-4.0.16/lib/bundler/rubygems_integration.rb:392:in `block in download_gem'
  /var/lib/gems/3.2.0/gems/bundler-4.0.16/lib/bundler/retry.rb:48:in `run'
  /var/lib/gems/3.2.0/gems/bundler-4.0.16/lib/bundler/retry.rb:38:in `attempt'
  /var/lib/gems/3.2.0/gems/bundler-4.0.16/lib/bundler/rubygems_integration.rb:384:in `download_gem'
  /var/lib/gems/3.2.0/gems/bundler-4.0.16/lib/bundler/source/rubygems.rb:549:in `block in download_gem'
  /usr/lib/ruby/vendor_ruby/rubygems.rb:962:in `time'
  /var/lib/gems/3.2.0/gems/bundler-4.0.16/lib/bundler/source/rubygems.rb:548:in `download_gem'
  /var/lib/gems/3.2.0/gems/bundler-4.0.16/lib/bundler/source/rubygems.rb:479:in `fetch_gem'
  /var/lib/gems/3.2.0/gems/bundler-4.0.16/lib/bundler/source/rubygems.rb:463:in `fetch_gem_if_possible'
  /var/lib/gems/3.2.0/gems/bundler-4.0.16/lib/bundler/source/rubygems.rb:585:in `rubygems_gem_installer'
  /var/lib/gems/3.2.0/gems/bundler-4.0.16/lib/bundler/source/rubygems.rb:185:in `download'
  /var/lib/gems/3.2.0/gems/bundler-4.0.16/lib/bundler/installer/gem_installer.rb:29:in `download'
  /var/lib/gems/3.2.0/gems/bundler-4.0.16/lib/bundler/installer/parallel_installer.rb:193:in `do_download'
  /var/lib/gems/3.2.0/gems/bundler-4.0.16/lib/bundler/installer/parallel_installer.rb:177:in `block in worker_pool'
  /var/lib/gems/3.2.0/gems/bundler-4.0.16/lib/bundler/worker.rb:70:in `apply_func'
  /var/lib/gems/3.2.0/gems/bundler-4.0.16/lib/bundler/worker.rb:65:in `block in process_queue'
  /var/lib/gems/3.2.0/gems/bundler-4.0.16/lib/bundler/worker.rb:56:in `loop'
  /var/lib/gems/3.2.0/gems/bundler-4.0.16/lib/bundler/worker.rb:56:in `process_queue'
  /var/lib/gems/3.2.0/gems/bundler-4.0.16/lib/bundler/worker.rb:98:in `block (2 levels) in create_threads'

An error occurred while installing jekyll-theme-merlot (0.2.0), and Bundler cannot continue.

In Gemfile:
  github-pages was resolved to 232, which depends on
    jekyll-theme-merlot


Bundler::PermissionError: There was an error while trying to write to `/var/lib/gems/3.2.0/cache/jekyll-theme-modernist-0.2.0.gem`.
It is likely that you need to grant write permissions for that path.
  /var/lib/gems/3.2.0/gems/bundler-4.0.16/lib/bundler/shared_helpers.rb:110:in `rescue in filesystem_access'
  /var/lib/gems/3.2.0/gems/bundler-4.0.16/lib/bundler/shared_helpers.rb:105:in `filesystem_access'
  /var/lib/gems/3.2.0/gems/bundler-4.0.16/lib/bundler/rubygems_integration.rb:392:in `block in download_gem'
  /var/lib/gems/3.2.0/gems/bundler-4.0.16/lib/bundler/retry.rb:48:in `run'
  /var/lib/gems/3.2.0/gems/bundler-4.0.16/lib/bundler/retry.rb:38:in `attempt'
  /var/lib/gems/3.2.0/gems/bundler-4.0.16/lib/bundler/rubygems_integration.rb:384:in `download_gem'
  /var/lib/gems/3.2.0/gems/bundler-4.0.16/lib/bundler/source/rubygems.rb:549:in `block in download_gem'
  /usr/lib/ruby/vendor_ruby/rubygems.rb:962:in `time'
  /var/lib/gems/3.2.0/gems/bundler-4.0.16/lib/bundler/source/rubygems.rb:548:in `download_gem'
  /var/lib/gems/3.2.0/gems/bundler-4.0.16/lib/bundler/source/rubygems.rb:479:in `fetch_gem'
  /var/lib/gems/3.2.0/gems/bundler-4.0.16/lib/bundler/source/rubygems.rb:463:in `fetch_gem_if_possible'
  /var/lib/gems/3.2.0/gems/bundler-4.0.16/lib/bundler/source/rubygems.rb:585:in `rubygems_gem_installer'
  /var/lib/gems/3.2.0/gems/bundler-4.0.16/lib/bundler/source/rubygems.rb:185:in `download'
  /var/lib/gems/3.2.0/gems/bundler-4.0.16/lib/bundler/installer/gem_installer.rb:29:in `download'
  /var/lib/gems/3.2.0/gems/bundler-4.0.16/lib/bundler/installer/parallel_installer.rb:193:in `do_download'
  /var/lib/gems/3.2.0/gems/bundler-4.0.16/lib/bundler/installer/parallel_installer.rb:177:in `block in worker_pool'
  /var/lib/gems/3.2.0/gems/bundler-4.0.16/lib/bundler/worker.rb:70:in `apply_func'
  /var/lib/gems/3.2.0/gems/bundler-4.0.16/lib/bundler/worker.rb:65:in `block in process_queue'
  /var/lib/gems/3.2.0/gems/bundler-4.0.16/lib/bundler/worker.rb:56:in `loop'
  /var/lib/gems/3.2.0/gems/bundler-4.0.16/lib/bundler/worker.rb:56:in `process_queue'
  /var/lib/gems/3.2.0/gems/bundler-4.0.16/lib/bundler/worker.rb:98:in `block (2 levels) in create_threads'

An error occurred while installing jekyll-theme-modernist (0.2.0), and Bundler cannot continue.

In Gemfile:
  github-pages was resolved to 232, which depends on
    jekyll-theme-modernist


Bundler::PermissionError: There was an error while trying to write to `/var/lib/gems/3.2.0/cache/jekyll-theme-primer-0.6.0.gem`. It
is likely that you need to grant write permissions for that path.
  /var/lib/gems/3.2.0/gems/bundler-4.0.16/lib/bundler/shared_helpers.rb:110:in `rescue in filesystem_access'
  /var/lib/gems/3.2.0/gems/bundler-4.0.16/lib/bundler/shared_helpers.rb:105:in `filesystem_access'
  /var/lib/gems/3.2.0/gems/bundler-4.0.16/lib/bundler/rubygems_integration.rb:392:in `block in download_gem'
  /var/lib/gems/3.2.0/gems/bundler-4.0.16/lib/bundler/retry.rb:48:in `run'
  /var/lib/gems/3.2.0/gems/bundler-4.0.16/lib/bundler/retry.rb:38:in `attempt'
  /var/lib/gems/3.2.0/gems/bundler-4.0.16/lib/bundler/rubygems_integration.rb:384:in `download_gem'
  /var/lib/gems/3.2.0/gems/bundler-4.0.16/lib/bundler/source/rubygems.rb:549:in `block in download_gem'
  /usr/lib/ruby/vendor_ruby/rubygems.rb:962:in `time'
  /var/lib/gems/3.2.0/gems/bundler-4.0.16/lib/bundler/source/rubygems.rb:548:in `download_gem'
  /var/lib/gems/3.2.0/gems/bundler-4.0.16/lib/bundler/source/rubygems.rb:479:in `fetch_gem'
  /var/lib/gems/3.2.0/gems/bundler-4.0.16/lib/bundler/source/rubygems.rb:463:in `fetch_gem_if_possible'
  /var/lib/gems/3.2.0/gems/bundler-4.0.16/lib/bundler/source/rubygems.rb:585:in `rubygems_gem_installer'
  /var/lib/gems/3.2.0/gems/bundler-4.0.16/lib/bundler/source/rubygems.rb:185:in `download'
  /var/lib/gems/3.2.0/gems/bundler-4.0.16/lib/bundler/installer/gem_installer.rb:29:in `download'
  /var/lib/gems/3.2.0/gems/bundler-4.0.16/lib/bundler/installer/parallel_installer.rb:193:in `do_download'
  /var/lib/gems/3.2.0/gems/bundler-4.0.16/lib/bundler/installer/parallel_installer.rb:177:in `block in worker_pool'
  /var/lib/gems/3.2.0/gems/bundler-4.0.16/lib/bundler/worker.rb:70:in `apply_func'
  /var/lib/gems/3.2.0/gems/bundler-4.0.16/lib/bundler/worker.rb:65:in `block in process_queue'
  /var/lib/gems/3.2.0/gems/bundler-4.0.16/lib/bundler/worker.rb:56:in `loop'
  /var/lib/gems/3.2.0/gems/bundler-4.0.16/lib/bundler/worker.rb:56:in `process_queue'
  /var/lib/gems/3.2.0/gems/bundler-4.0.16/lib/bundler/worker.rb:98:in `block (2 levels) in create_threads'

An error occurred while installing jekyll-theme-primer (0.6.0), and Bundler cannot continue.

In Gemfile:
  github-pages was resolved to 232, which depends on
    jekyll-theme-primer
